Quad 1, u_Time, x, y, z, qx, qy, qz, qw, trackingValid, state, w1[1], w1[2], w1[3], time_Since_Epoch_us, ntpOffset_ms, 
 , 0, 0.000000, 0.000000, 0.000000, 0.000000, 0.000000, 0.000000, 0.000000, 0, 0, 0.000000, 0.000000, 0.000000, 1564885003076377, 9999.999900, 
 , 0, 0.000000, 0.000000, 0.000000, 0.000000, 0.000000, 0.000000, 0.000000, 0, 0, 0.000000, 0.000000, 0.000000, 1564885003082562, 9999.999900, 
 , 0, 0.000000, 0.000000, 0.000000, 0.000000, 0.000000, 0.000000, 0.000000, 0, 0, 0.000000, 0.000000, 0.000000, 1564885003091418, 9999.999900, 
 , 0, 0.000000, 0.000000, 0.000000, 0.000000, 0.000000, 0.000000, 0.000000, 0, 0, 0.000000, 0.000000, 0.000000, 1564885003098929, 9999.999900, 
 , 0, 0.000000, 0.000000, 0.000000, 0.000000, 0.000000, 0.000000, 0.000000, 0, 0, 0.000000, 0.000000, 0.000000, 1564885003108034, 9999.999900, 
 , 0, 0.000000, 0.000000, 0.000000, 0.000000, 0.000000, 0.000000, 0.000000, 0, 0, 0.000000, 0.000000, 0.000000, 1564885003115579, 9999.999900, 
 , 0, 0.000000, 0.000000, 0.000000, 0.000000, 0.000000, 0.000000, 0.000000, 0, 0, 0.000000, 0.000000, 0.000000, 1564885003124995, 9999.999900, 
 , 0, 0.000000, 0.000000, 0.000000, 0.000000, 0.000000, 0.000000, 0.000000, 0, 0, 0.000000, 0.000000, 0.000000, 1564885003132349, 9999.999900, 
 , 0, 0.000000, 0.000000, 0.000000, 0.000000, 0.000000, 0.000000, 0.000000, 0, 0, 0.000000, 0.000000, 0.000000, 1564885003141411, 9999.999900, 
 , 0, 0.000000, 0.000000, 0.000000, 0.000000, 0.000000, 0.000000, 0.000000, 0, 0, 0.000000, 0.000000, 0.000000, 1564885003148910, 9999.999900, 
 , 0, 0.000000, 0.000000, 0.000000, 0.000000, 0.000000, 0.000000, 0.000000, 0, 0, 0.000000, 0.000000, 0.000000, 1564885003157217, 9999.999900, 
 , 0, 0.000000, 0.000000, 0.000000, 0.000000, 0.000000, 0.000000, 0.000000, 0, 0, 0.000000, 0.000000, 0.000000, 1564885003165615, 9999.999900, 
 , 0, 0.000000, 0.000000, 0.000000, 0.000000, 0.000000, 0.000000, 0.000000, 0, 0, 0.000000, 0.000000, 0.000000, 1564885003175024, 9999.999900, 
 , 0, 0.000000, 0.000000, 0.000000, 0.000000, 0.000000, 0.000000, 0.000000, 0, 0, 0.000000, 0.000000, 0.000000, 1564885003182340, 9999.999900, 
 , 0, 0.000000, 0.000000, 0.000000, 0.000000, 0.000000, 0.000000, 0.000000, 0, 0, 0.000000, 0.000000, 0.000000, 1564885003191432, 9999.999900, 
 , 0, 0.000000, 0.000000, 0.000000, 0.000000, 0.000000, 0.000000, 0.000000, 0, 0, 0.000000, 0.000000, 0.000000, 1564885003199037, 9999.999900, 
 , 0, 0.000000, 0.000000, 0.000000, 0.000000, 0.000000, 0.000000, 0.000000, 0, 0, 0.000000, 0.000000, 0.000000, 1564885003207417, 9999.999900, 
 , 0, 0.000000, 0.000000, 0.000000, 0.000000, 0.000000, 0.000000, 0.000000, 0, 0, 0.000000, 0.000000, 0.000000, 1564885003215598, 9999.999900, 
 , 0, 0.000000, 0.000000, 0.000000, 0.000000, 0.000000, 0.000000, 0.000000, 0, 0, 0.000000, 0.000000, 0.000000, 1564885003224269, 9999.999900, 
 , 0, 0.000000, 0.000000, 0.000000, 0.000000, 0.000000, 0.000000, 0.000000, 0, 0, 0.000000, 0.000000, 0.000000, 1564885003232104, 9999.999900, 
 , 0, 0.000000, 0.000000, 0.000000, 0.000000, 0.000000, 0.000000, 0.000000, 0, 0, 0.000000, 0.000000, 0.000000, 1564885003240987, 9999.999900, 
 , 0, 0.000000, 0.000000, 0.000000, 0.000000, 0.000000, 0.000000, 0.000000, 0, 0, 0.000000, 0.000000, 0.000000, 1564885003248824, 9999.999900, 
 , 0, 0.000000, 0.000000, 0.000000, 0.000000, 0.000000, 0.000000, 0.000000, 0, 0, 0.000000, 0.000000, 0.000000, 1564885003257423, 9999.999900, 
 , 0, 0.000000, 0.000000, 0.000000, 0.000000, 0.000000, 0.000000, 0.000000, 0, 0, 0.000000, 0.000000, 0.000000, 1564885003265631, 9999.999900, 
 , 0, 0.000000, 0.000000, 0.000000, 0.000000, 0.000000, 0.000000, 0.000000, 0, 0, 0.000000, 0.000000, 0.000000, 1564885003274044, 9999.999900, 
 , 0, 0.000000, 0.000000, 0.000000, 0.000000, 0.000000, 0.000000, 0.000000, 0, 0, 0.000000, 0.000000, 0.000000, 1564885003282594, 9999.999900, 
 , 0, 0.000000, 0.000000, 0.000000, 0.000000, 0.000000, 0.000000, 0.000000, 0, 0, 0.000000, 0.000000, 0.000000, 1564885003290647, 9999.999900, 
 , 0, 0.000000, 0.000000, 0.000000, 0.000000, 0.000000, 0.000000, 0.000000, 0, 0, 0.000000, 0.000000, 0.000000, 1564885003298867, 9999.999900, 
 , 0, 0.000000, 0.000000, 0.000000, 0.000000, 0.000000, 0.000000, 0.000000, 0, 0, 0.000000, 0.000000, 0.000000, 1564885003307607, 9999.999900, 
 , 0, 0.000000, 0.000000, 0.000000, 0.000000, 0.000000, 0.000000, 0.000000, 0, 0, 0.000000, 0.000000, 0.000000, 1564885003315541, 9999.999900, 
 , 0, 0.000000, 0.000000, 0.000000, 0.000000, 0.000000, 0.000000, 0.000000, 0, 0, 0.000000, 0.000000, 0.000000, 1564885003323752, 9999.999900, 
 , 0, 0.000000, 0.000000, 0.000000, 0.000000, 0.000000, 0.000000, 0.000000, 0, 0, 0.000000, 0.000000, 0.000000, 1564885003332314, 9999.999900, 
 , 0, 0.000000, 0.000000, 0.000000, 0.000000, 0.000000, 0.000000, 0.000000, 0, 0, 0.000000, 0.000000, 0.000000, 1564885003340396, 9999.999900, 
 , 0, 0.000000, 0.000000, 0.000000, 0.000000, 0.000000, 0.000000, 0.000000, 0, 0, 0.000000, 0.000000, 0.000000, 1564885003348798, 9999.999900, 
 , 0, 0.000000, 0.000000, 0.000000, 0.000000, 0.000000, 0.000000, 0.000000, 0, 0, 0.000000, 0.000000, 0.000000, 1564885003358838, 9999.999900, 
 , 0, 0.000000, 0.000000, 0.000000, 0.000000, 0.000000, 0.000000, 0.000000, 0, 0, 0.000000, 0.000000, 0.000000, 1564885003365605, 9999.999900, 
 , 0, 0.000000, 0.000000, 0.000000, 0.000000, 0.000000, 0.000000, 0.000000, 0, 0, 0.000000, 0.000000, 0.000000, 1564885003374048, 9999.999900, 
 , 0, 0.000000, 0.000000, 0.000000, 0.000000, 0.000000, 0.000000, 0.000000, 0, 0, 0.000000, 0.000000, 0.000000, 1564885003382270, 9999.999900, 
 , 0, 0.000000, 0.000000, 0.000000, 0.000000, 0.000000, 0.000000, 0.000000, 0, 0, 0.000000, 0.000000, 0.000000, 1564885003390739, 9999.999900, 
 , 0, 0.000000, 0.000000, 0.000000, 0.000000, 0.000000, 0.000000, 0.000000, 0, 0, 0.000000, 0.000000, 0.000000, 1564885003398838, 9999.999900, 
 , 0, 0.000000, 0.000000, 0.000000, 0.000000, 0.000000, 0.000000, 0.000000, 0, 0, 0.000000, 0.000000, 0.000000, 1564885003407372, 9999.999900, 
 , 0, 0.000000, 0.000000, 0.000000, 0.000000, 0.000000, 0.000000, 0.000000, 0, 0, 0.000000, 0.000000, 0.000000, 1564885003415531, 9999.999900, 
 , 0, 0.000000, 0.000000, 0.000000, 0.000000, 0.000000, 0.000000, 0.000000, 0, 0, 0.000000, 0.000000, 0.000000, 1564885003424147, 9999.999900, 
 , 0, 0.000000, 0.000000, 0.000000, 0.000000, 0.000000, 0.000000, 0.000000, 0, 0, 0.000000, 0.000000, 0.000000, 1564885003432111, 9999.999900, 
 , 0, 0.000000, 0.000000, 0.000000, 0.000000, 0.000000, 0.000000, 0.000000, 0, 0, 0.000000, 0.000000, 0.000000, 1564885003440932, 9999.999900, 
 , 0, 0.000000, 0.000000, 0.000000, 0.000000, 0.000000, 0.000000, 0.000000, 0, 0, 0.000000, 0.000000, 0.000000, 1564885003448836, 9999.999900, 
 , 0, 0.000000, 0.000000, 0.000000, 0.000000, 0.000000, 0.000000, 0.000000, 0, 0, 0.000000, 0.000000, 0.000000, 1564885003457355, 9999.999900, 
 , 0, 0.000000, 0.000000, 0.000000, 0.000000, 0.000000, 0.000000, 0.000000, 0, 0, 0.000000, 0.000000, 0.000000, 1564885003466112, 9999.999900, 
 , 0, 0.000000, 0.000000, 0.000000, 0.000000, 0.000000, 0.000000, 0.000000, 0, 0, 0.000000, 0.000000, 0.000000, 1564885003474302, 9999.999900, 
 , 0, 0.000000, 0.000000, 0.000000, 0.000000, 0.000000, 0.000000, 0.000000, 0, 0, 0.000000, 0.000000, 0.000000, 1564885003482259, 9999.999900, 
 , 0, 0.000000, 0.000000, 0.000000, 0.000000, 0.000000, 0.000000, 0.000000, 0, 0, 0.000000, 0.000000, 0.000000, 1564885003490908, 9999.999900, 
 , 0, 0.000000, 0.000000, 0.000000, 0.000000, 0.000000, 0.000000, 0.000000, 0, 0, 0.000000, 0.000000, 0.000000, 1564885003498879, 9999.999900, 
 , 0, 0.000000, 0.000000, 0.000000, 0.000000, 0.000000, 0.000000, 0.000000, 0, 0, 0.000000, 0.000000, 0.000000, 1564885003507237, 9999.999900, 
 , 0, 0.000000, 0.000000, 0.000000, 0.000000, 0.000000, 0.000000, 0.000000, 0, 0, 0.000000, 0.000000, 0.000000, 1564885003515513, 9999.999900, 
 , 0, 0.000000, 0.000000, 0.000000, 0.000000, 0.000000, 0.000000, 0.000000, 0, 0, 0.000000, 0.000000, 0.000000, 1564885003524030, 9999.999900, 
 , 0, 0.000000, 0.000000, 0.000000, 0.000000, 0.000000, 0.000000, 0.000000, 0, 0, 0.000000, 0.000000, 0.000000, 1564885003532494, 9999.999900, 
 , 0, 0.000000, 0.000000, 0.000000, 0.000000, 0.000000, 0.000000, 0.000000, 0, 0, 0.000000, 0.000000, 0.000000, 1564885003541049, 9999.999900, 
 , 0, 0.000000, 0.000000, 0.000000, 0.000000, 0.000000, 0.000000, 0.000000, 0, 0, 0.000000, 0.000000, 0.000000, 1564885003548958, 9999.999900, 
 , 0, 0.000000, 0.000000, 0.000000, 0.000000, 0.000000, 0.000000, 0.000000, 0, 0, 0.000000, 0.000000, 0.000000, 1564885003557446, 9999.999900, 
 , 0, 0.000000, 0.000000, 0.000000, 0.000000, 0.000000, 0.000000, 0.000000, 0, 0, 0.000000, 0.000000, 0.000000, 1564885003565556, 9999.999900, 
 , 0, 0.000000, 0.000000, 0.000000, 0.000000, 0.000000, 0.000000, 0.000000, 0, 0, 0.000000, 0.000000, 0.000000, 1564885003573888, 9999.999900, 
 , 0, 0.000000, 0.000000, 0.000000, 0.000000, 0.000000, 0.000000, 0.000000, 0, 0, 0.000000, 0.000000, 0.000000, 1564885003582261, 9999.999900, 
 , 0, 0.000000, 0.000000, 0.000000, 0.000000, 0.000000, 0.000000, 0.000000, 0, 0, 0.000000, 0.000000, 0.000000, 1564885003591017, 9999.999900, 
 , 0, 0.000000, 0.000000, 0.000000, 0.000000, 0.000000, 0.000000, 0.000000, 0, 0, 0.000000, 0.000000, 0.000000, 1564885003599142, 9999.999900, 
 , 0, 0.000000, 0.000000, 0.000000, 0.000000, 0.000000, 0.000000, 0.000000, 0, 0, 0.000000, 0.000000, 0.000000, 1564885003607342, 9999.999900, 
 , 0, 0.000000, 0.000000, 0.000000, 0.000000, 0.000000, 0.000000, 0.000000, 0, 0, 0.000000, 0.000000, 0.000000, 1564885003615536, 9999.999900, 
 , 0, 0.000000, 0.000000, 0.000000, 0.000000, 0.000000, 0.000000, 0.000000, 0, 0, 0.000000, 0.000000, 0.000000, 1564885003624034, 9999.999900, 
 , 0, 0.000000, 0.000000, 0.000000, 0.000000, 0.000000, 0.000000, 0.000000, 0, 0, 0.000000, 0.000000, 0.000000, 1564885003632324, 9999.999900, 
 , 0, 0.000000, 0.000000, 0.000000, 0.000000, 0.000000, 0.000000, 0.000000, 0, 0, 0.000000, 0.000000, 0.000000, 1564885003640794, 9999.999900, 
 , 0, 0.000000, 0.000000, 0.000000, 0.000000, 0.000000, 0.000000, 0.000000, 0, 0, 0.000000, 0.000000, 0.000000, 1564885003649039, 9999.999900, 
 , 0, 0.000000, 0.000000, 0.000000, 0.000000, 0.000000, 0.000000, 0.000000, 0, 0, 0.000000, 0.000000, 0.000000, 1564885003657435, 9999.999900, 
 , 0, 0.000000, 0.000000, 0.000000, 0.000000, 0.000000, 0.000000, 0.000000, 0, 0, 0.000000, 0.000000, 0.000000, 1564885003665692, 9999.999900, 
 , 0, 0.000000, 0.000000, 0.000000, 0.000000, 0.000000, 0.000000, 0.000000, 0, 0, 0.000000, 0.000000, 0.000000, 1564885003674140, 9999.999900, 
 , 0, 0.000000, 0.000000, 0.000000, 0.000000, 0.000000, 0.000000, 0.000000, 0, 0, 0.000000, 0.000000, 0.000000, 1564885003682249, 9999.999900, 
 , 0, 0.000000, 0.000000, 0.000000, 0.000000, 0.000000, 0.000000, 0.000000, 0, 0, 0.000000, 0.000000, 0.000000, 1564885003690684, 9999.999900, 
 , 0, 0.000000, 0.000000, 0.000000, 0.000000, 0.000000, 0.000000, 0.000000, 0, 0, 0.000000, 0.000000, 0.000000, 1564885003698899, 9999.999900, 
 , 0, 0.000000, 0.000000, 0.000000, 0.000000, 0.000000, 0.000000, 0.000000, 0, 0, 0.000000, 0.000000, 0.000000, 1564885003707357, 9999.999900, 
 , 0, 0.000000, 0.000000, 0.000000, 0.000000, 0.000000, 0.000000, 0.000000, 0, 0, 0.000000, 0.000000, 0.000000, 1564885003715728, 9999.999900, 
 , 0, 0.000000, 0.000000, 0.000000, 0.000000, 0.000000, 0.000000, 0.000000, 0, 0, 0.000000, 0.000000, 0.000000, 1564885003724513, 9999.999900, 
 , 0, 0.000000, 0.000000, 0.000000, 0.000000, 0.000000, 0.000000, 0.000000, 0, 0, 0.000000, 0.000000, 0.000000, 1564885003732252, 9999.999900, 
 , 0, 0.000000, 0.000000, 0.000000, 0.000000, 0.000000, 0.000000, 0.000000, 0, 0, 0.000000, 0.000000, 0.000000, 1564885003741173, 9999.999900, 
 , 0, 0.000000, 0.000000, 0.000000, 0.000000, 0.000000, 0.000000, 0.000000, 0, 0, 0.000000, 0.000000, 0.000000, 1564885003749048, 9999.999900, 
 , 0, 0.000000, 0.000000, 0.000000, 0.000000, 0.000000, 0.000000, 0.000000, 0, 0, 0.000000, 0.000000, 0.000000, 1564885003757317, 9999.999900, 
 , 0, 0.000000, 0.000000, 0.000000, 0.000000, 0.000000, 0.000000, 0.000000, 0, 0, 0.000000, 0.000000, 0.000000, 1564885003765731, 9999.999900, 
 , 0, 0.000000, 0.000000, 0.000000, 0.000000, 0.000000, 0.000000, 0.000000, 0, 0, 0.000000, 0.000000, 0.000000, 1564885003775237, 9999.999900, 
 , 0, 0.000000, 0.000000, 0.000000, 0.000000, 0.000000, 0.000000, 0.000000, 0, 0, 0.000000, 0.000000, 0.000000, 1564885003782430, 9999.999900, 
 , 0, 0.000000, 0.000000, 0.000000, 0.000000, 0.000000, 0.000000, 0.000000, 0, 0, 0.000000, 0.000000, 0.000000, 1564885003791131, 9999.999900, 
 , 0, 0.000000, 0.000000, 0.000000, 0.000000, 0.000000, 0.000000, 0.000000, 0, 0, 0.000000, 0.000000, 0.000000, 1564885003798780, 9999.999900, 
 , 0, 0.000000, 0.000000, 0.000000, 0.000000, 0.000000, 0.000000, 0.000000, 0, 0, 0.000000, 0.000000, 0.000000, 1564885003807407, 9999.999900, 
 , 0, 0.000000, 0.000000, 0.000000, 0.000000, 0.000000, 0.000000, 0.000000, 0, 0, 0.000000, 0.000000, 0.000000, 1564885003815732, 9999.999900, 
 , 0, 0.000000, 0.000000, 0.000000, 0.000000, 0.000000, 0.000000, 0.000000, 0, 0, 0.000000, 0.000000, 0.000000, 1564885003824402, 9999.999900, 
 , 0, 0.000000, 0.000000, 0.000000, 0.000000, 0.000000, 0.000000, 0.000000, 0, 0, 0.000000, 0.000000, 0.000000, 1564885003832275, 9999.999900, 
 , 0, 0.000000, 0.000000, 0.000000, 0.000000, 0.000000, 0.000000, 0.000000, 0, 0, 0.000000, 0.000000, 0.000000, 1564885003840880, 9999.999900, 
 , 0, 0.000000, 0.000000, 0.000000, 0.000000, 0.000000, 0.000000, 0.000000, 0, 0, 0.000000, 0.000000, 0.000000, 1564885003848888, 9999.999900, 
 , 0, 0.000000, 0.000000, 0.000000, 0.000000, 0.000000, 0.000000, 0.000000, 0, 0, 0.000000, 0.000000, 0.000000, 1564885003857357, 9999.999900, 
 , 0, 0.000000, 0.000000, 0.000000, 0.000000, 0.000000, 0.000000, 0.000000, 0, 0, 0.000000, 0.000000, 0.000000, 1564885003866009, 9999.999900, 
 , 0, 0.000000, 0.000000, 0.000000, 0.000000, 0.000000, 0.000000, 0.000000, 0, 0, 0.000000, 0.000000, 0.000000, 1564885003874030, 9999.999900, 
 , 0, 0.000000, 0.000000, 0.000000, 0.000000, 0.000000, 0.000000, 0.000000, 0, 0, 0.000000, 0.000000, 0.000000, 1564885003882487, 9999.999900, 
 , 0, 0.000000, 0.000000, 0.000000, 0.000000, 0.000000, 0.000000, 0.000000, 0, 0, 0.000000, 0.000000, 0.000000, 1564885003890844, 9999.999900, 
 , 0, 0.000000, 0.000000, 0.000000, 0.000000, 0.000000, 0.000000, 0.000000, 0, 0, 0.000000, 0.000000, 0.000000, 1564885003898947, 9999.999900, 
 , 0, 0.000000, 0.000000, 0.000000, 0.000000, 0.000000, 0.000000, 0.000000, 0, 0, 0.000000, 0.000000, 0.000000, 1564885003907178, 9999.999900, 
 , 0, 0.000000, 0.000000, 0.000000, 0.000000, 0.000000, 0.000000, 0.000000, 0, 0, 0.000000, 0.000000, 0.000000, 1564885003915695, 9999.999900, 
 , 0, 0.000000, 0.000000, 0.000000, 0.000000, 0.000000, 0.000000, 0.000000, 0, 0, 0.000000, 0.000000, 0.000000, 1564885003924246, 9999.999900, 
 , 0, 0.000000, 0.000000, 0.000000, 0.000000, 0.000000, 0.000000, 0.000000, 0, 0, 0.000000, 0.000000, 0.000000, 1564885003932332, 9999.999900, 
 , 0, 0.000000, 0.000000, 0.000000, 0.000000, 0.000000, 0.000000, 0.000000, 0, 0, 0.000000, 0.000000, 0.000000, 1564885003940927, 9999.999900, 
 , 0, 0.000000, 0.000000, 0.000000, 0.000000, 0.000000, 0.000000, 0.000000, 0, 0, 0.000000, 0.000000, 0.000000, 1564885003949062, 9999.999900, 
 , 0, 0.000000, 0.000000, 0.000000, 0.000000, 0.000000, 0.000000, 0.000000, 0, 0, 0.000000, 0.000000, 0.000000, 1564885003958447, 9999.999900, 
 , 0, 0.000000, 0.000000, 0.000000, 0.000000, 0.000000, 0.000000, 0.000000, 0, 0, 0.000000, 0.000000, 0.000000, 1564885003965660, 9999.999900, 
 , 0, 0.000000, 0.000000, 0.000000, 0.000000, 0.000000, 0.000000, 0.000000, 0, 0, 0.000000, 0.000000, 0.000000, 1564885003974053, 9999.999900, 
 , 0, 0.000000, 0.000000, 0.000000, 0.000000, 0.000000, 0.000000, 0.000000, 0, 0, 0.000000, 0.000000, 0.000000, 1564885003982394, 9999.999900, 
 , 0, 0.000000, 0.000000, 0.000000, 0.000000, 0.000000, 0.000000, 0.000000, 0, 0, 0.000000, 0.000000, 0.000000, 1564885003991018, 9999.999900, 
 , 0, 0.000000, 0.000000, 0.000000, 0.000000, 0.000000, 0.000000, 0.000000, 0, 0, 0.000000, 0.000000, 0.000000, 1564885003998870, 9999.999900, 
 , 0, 0.000000, 0.000000, 0.000000, 0.000000, 0.000000, 0.000000, 0.000000, 0, 0, 0.000000, 0.000000, 0.000000, 1564885004007281, 9999.999900, 
 , 0, 0.000000, 0.000000, 0.000000, 0.000000, 0.000000, 0.000000, 0.000000, 0, 0, 0.000000, 0.000000, 0.000000, 1564885004015705, 9999.999900, 
 , 0, 0.000000, 0.000000, 0.000000, 0.000000, 0.000000, 0.000000, 0.000000, 0, 0, 0.000000, 0.000000, 0.000000, 1564885004024320, 9999.999900, 
 , 0, 0.000000, 0.000000, 0.000000, 0.000000, 0.000000, 0.000000, 0.000000, 0, 0, 0.000000, 0.000000, 0.000000, 1564885004032267, 9999.999900, 
 , 0, 0.000000, 0.000000, 0.000000, 0.000000, 0.000000, 0.000000, 0.000000, 0, 0, 0.000000, 0.000000, 0.000000, 1564885004040974, 9999.999900, 
 , 0, 0.000000, 0.000000, 0.000000, 0.000000, 0.000000, 0.000000, 0.000000, 0, 0, 0.000000, 0.000000, 0.000000, 1564885004048710, 9999.999900, 
 , 0, 0.000000, 0.000000, 0.000000, 0.000000, 0.000000, 0.000000, 0.000000, 0, 0, 0.000000, 0.000000, 0.000000, 1564885004057243, 9999.999900, 
 , 0, 0.000000, 0.000000, 0.000000, 0.000000, 0.000000, 0.000000, 0.000000, 0, 0, 0.000000, 0.000000, 0.000000, 1564885004065649, 9999.999900, 
 , 0, 0.000000, 0.000000, 0.000000, 0.000000, 0.000000, 0.000000, 0.000000, 0, 0, 0.000000, 0.000000, 0.000000, 1564885004074451, 9999.999900, 
 , 0, 0.000000, 0.000000, 0.000000, 0.000000, 0.000000, 0.000000, 0.000000, 0, 0, 0.000000, 0.000000, 0.000000, 1564885004082085, 9999.999900, 
 , 0, 0.000000, 0.000000, 0.000000, 0.000000, 0.000000, 0.000000, 0.000000, 0, 0, 0.000000, 0.000000, 0.000000, 1564885004090812, 9999.999900, 
 , 0, 0.000000, 0.000000, 0.000000, 0.000000, 0.000000, 0.000000, 0.000000, 0, 0, 0.000000, 0.000000, 0.000000, 1564885004098903, 9999.999900, 
 , 0, 0.000000, 0.000000, 0.000000, 0.000000, 0.000000, 0.000000, 0.000000, 0, 0, 0.000000, 0.000000, 0.000000, 1564885004107313, 9999.999900, 
 , 0, 0.000000, 0.000000, 0.000000, 0.000000, 0.000000, 0.000000, 0.000000, 0, 0, 0.000000, 0.000000, 0.000000, 1564885004115517, 9999.999900, 
 , 0, 0.000000, 0.000000, 0.000000, 0.000000, 0.000000, 0.000000, 0.000000, 0, 0, 0.000000, 0.000000, 0.000000, 1564885004124258, 9999.999900, 
 , 0, 0.000000, 0.000000, 0.000000, 0.000000, 0.000000, 0.000000, 0.000000, 0, 0, 0.000000, 0.000000, 0.000000, 1564885004132621, 9999.999900, 
 , 0, 0.000000, 0.000000, 0.000000, 0.000000, 0.000000, 0.000000, 0.000000, 0, 0, 0.000000, 0.000000, 0.000000, 1564885004140916, 9999.999900, 
 , 0, 0.000000, 0.000000, 0.000000, 0.000000, 0.000000, 0.000000, 0.000000, 0, 0, 0.000000, 0.000000, 0.000000, 1564885004149022, 9999.999900, 
 , 0, 0.000000, 0.000000, 0.000000, 0.000000, 0.000000, 0.000000, 0.000000, 0, 0, 0.000000, 0.000000, 0.000000, 1564885004157324, 9999.999900, 
 , 0, 0.000000, 0.000000, 0.000000, 0.000000, 0.000000, 0.000000, 0.000000, 0, 0, 0.000000, 0.000000, 0.000000, 1564885004165650, 9999.999900, 
 , 0, 0.000000, 0.000000, 0.000000, 0.000000, 0.000000, 0.000000, 0.000000, 0, 0, 0.000000, 0.000000, 0.000000, 1564885004174007, 9999.999900, 
 , 0, 0.000000, 0.000000, 0.000000, 0.000000, 0.000000, 0.000000, 0.000000, 0, 0, 0.000000, 0.000000, 0.000000, 1564885004182171, 9999.999900, 
 , 0, 0.000000, 0.000000, 0.000000, 0.000000, 0.000000, 0.000000, 0.000000, 0, 0, 0.000000, 0.000000, 0.000000, 1564885004190944, 9999.999900, 
 , 0, 0.000000, 0.000000, 0.000000, 0.000000, 0.000000, 0.000000, 0.000000, 0, 0, 0.000000, 0.000000, 0.000000, 1564885004198787, 9999.999900, 
 , 0, 0.000000, 0.000000, 0.000000, 0.000000, 0.000000, 0.000000, 0.000000, 0, 0, 0.000000, 0.000000, 0.000000, 1564885004208501, 9999.999900, 
 , 0, 0.000000, 0.000000, 0.000000, 0.000000, 0.000000, 0.000000, 0.000000, 0, 0, 0.000000, 0.000000, 0.000000, 1564885004216061, 9999.999900, 
 , 0, 0.000000, 0.000000, 0.000000, 0.000000, 0.000000, 0.000000, 0.000000, 0, 0, 0.000000, 0.000000, 0.000000, 1564885004224115, 9999.999900, 
 , 0, 0.000000, 0.000000, 0.000000, 0.000000, 0.000000, 0.000000, 0.000000, 0, 0, 0.000000, 0.000000, 0.000000, 1564885004232340, 9999.999900, 
 , 0, 0.000000, 0.000000, 0.000000, 0.000000, 0.000000, 0.000000, 0.000000, 0, 0, 0.000000, 0.000000, 0.000000, 1564885004241131, 9999.999900, 
 , 0, 0.000000, 0.000000, 0.000000, 0.000000, 0.000000, 0.000000, 0.000000, 0, 0, 0.000000, 0.000000, 0.000000, 1564885004248808, 9999.999900, 
 , 0, 0.000000, 0.000000, 0.000000, 0.000000, 0.000000, 0.000000, 0.000000, 0, 0, 0.000000, 0.000000, 0.000000, 1564885004257407, 9999.999900, 
 , 0, 0.000000, 0.000000, 0.000000, 0.000000, 0.000000, 0.000000, 0.000000, 0, 0, 0.000000, 0.000000, 0.000000, 1564885004265676, 9999.999900, 
 , 0, 0.000000, 0.000000, 0.000000, 0.000000, 0.000000, 0.000000, 0.000000, 0, 0, 0.000000, 0.000000, 0.000000, 1564885004273931, 9999.999900, 
 , 0, 0.000000, 0.000000, 0.000000, 0.000000, 0.000000, 0.000000, 0.000000, 0, 0, 0.000000, 0.000000, 0.000000, 1564885004282411, 9999.999900, 
 , 0, 0.000000, 0.000000, 0.000000, 0.000000, 0.000000, 0.000000, 0.000000, 0, 0, 0.000000, 0.000000, 0.000000, 1564885004290801, 9999.999900, 
 , 0, 0.000000, 0.000000, 0.000000, 0.000000, 0.000000, 0.000000, 0.000000, 0, 0, 0.000000, 0.000000, 0.000000, 1564885004299007, 9999.999900, 
 , 0, 0.000000, 0.000000, 0.000000, 0.000000, 0.000000, 0.000000, 0.000000, 0, 0, 0.000000, 0.000000, 0.000000, 1564885004307386, 9999.999900, 
 , 0, 0.000000, 0.000000, 0.000000, 0.000000, 0.000000, 0.000000, 0.000000, 0, 0, 0.000000, 0.000000, 0.000000, 1564885004315694, 9999.999900, 
 , 0, 0.000000, 0.000000, 0.000000, 0.000000, 0.000000, 0.000000, 0.000000, 0, 0, 0.000000, 0.000000, 0.000000, 1564885004324988, 9999.999900, 
 , 0, 0.000000, 0.000000, 0.000000, 0.000000, 0.000000, 0.000000, 0.000000, 0, 0, 0.000000, 0.000000, 0.000000, 1564885004332243, 9999.999900, 
 , 0, 0.000000, 0.000000, 0.000000, 0.000000, 0.000000, 0.000000, 0.000000, 0, 0, 0.000000, 0.000000, 0.000000, 1564885004340661, 9999.999900, 
 , 0, 0.000000, 0.000000, 0.000000, 0.000000, 0.000000, 0.000000, 0.000000, 0, 0, 0.000000, 0.000000, 0.000000, 1564885004348908, 9999.999900, 
 , 0, 0.000000, 0.000000, 0.000000, 0.000000, 0.000000, 0.000000, 0.000000, 0, 0, 0.000000, 0.000000, 0.000000, 1564885004357477, 9999.999900, 
 , 0, 0.000000, 0.000000, 0.000000, 0.000000, 0.000000, 0.000000, 0.000000, 0, 0, 0.000000, 0.000000, 0.000000, 1564885004366430, 9999.999900, 
 , 0, 0.000000, 0.000000, 0.000000, 0.000000, 0.000000, 0.000000, 0.000000, 0, 0, 0.000000, 0.000000, 0.000000, 1564885004374204, 9999.999900, 
 , 0, 0.000000, 0.000000, 0.000000, 0.000000, 0.000000, 0.000000, 0.000000, 0, 0, 0.000000, 0.000000, 0.000000, 1564885004382268, 9999.999900, 
 , 0, 0.000000, 0.000000, 0.000000, 0.000000, 0.000000, 0.000000, 0.000000, 0, 0, 0.000000, 0.000000, 0.000000, 1564885004391074, 9999.999900, 
 , 0, 0.000000, 0.000000, 0.000000, 0.000000, 0.000000, 0.000000, 0.000000, 0, 0, 0.000000, 0.000000, 0.000000, 1564885004399022, 9999.999900, 
 , 0, 0.000000, 0.000000, 0.000000, 0.000000, 0.000000, 0.000000, 0.000000, 0, 0, 0.000000, 0.000000, 0.000000, 1564885004407261, 9999.999900, 
 , 0, 0.000000, 0.000000, 0.000000, 0.000000, 0.000000, 0.000000, 0.000000, 0, 0, 0.000000, 0.000000, 0.000000, 1564885004415982, 9999.999900, 
 , 0, 0.000000, 0.000000, 0.000000, 0.000000, 0.000000, 0.000000, 0.000000, 0, 0, 0.000000, 0.000000, 0.000000, 1564885004424072, 9999.999900, 
 , 0, 0.000000, 0.000000, 0.000000, 0.000000, 0.000000, 0.000000, 0.000000, 0, 0, 0.000000, 0.000000, 0.000000, 1564885004432310, 9999.999900, 
 , 0, 0.000000, 0.000000, 0.000000, 0.000000, 0.000000, 0.000000, 0.000000, 0, 0, 0.000000, 0.000000, 0.000000, 1564885004441076, 9999.999900, 
 , 0, 0.000000, 0.000000, 0.000000, 0.000000, 0.000000, 0.000000, 0.000000, 0, 0, 0.000000, 0.000000, 0.000000, 1564885004449082, 9999.999900, 
 , 0, 0.000000, 0.000000, 0.000000, 0.000000, 0.000000, 0.000000, 0.000000, 0, 0, 0.000000, 0.000000, 0.000000, 1564885004457462, 9999.999900, 
 , 0, 0.000000, 0.000000, 0.000000, 0.000000, 0.000000, 0.000000, 0.000000, 0, 0, 0.000000, 0.000000, 0.000000, 1564885004465696, 9999.999900, 
 , 0, 0.000000, 0.000000, 0.000000, 0.000000, 0.000000, 0.000000, 0.000000, 0, 0, 0.000000, 0.000000, 0.000000, 1564885004473980, 9999.999900, 
 , 0, 0.000000, 0.000000, 0.000000, 0.000000, 0.000000, 0.000000, 0.000000, 0, 0, 0.000000, 0.000000, 0.000000, 1564885004482266, 9999.999900, 
 , 0, 0.000000, 0.000000, 0.000000, 0.000000, 0.000000, 0.000000, 0.000000, 0, 0, 0.000000, 0.000000, 0.000000, 1564885004491046, 9999.999900, 
 , 0, 0.000000, 0.000000, 0.000000, 0.000000, 0.000000, 0.000000, 0.000000, 0, 0, 0.000000, 0.000000, 0.000000, 1564885004499016, 9999.999900, 
 , 0, 0.000000, 0.000000, 0.000000, 0.000000, 0.000000, 0.000000, 0.000000, 0, 0, 0.000000, 0.000000, 0.000000, 1564885004507609, 9999.999900, 
 , 0, 0.000000, 0.000000, 0.000000, 0.000000, 0.000000, 0.000000, 0.000000, 0, 0, 0.000000, 0.000000, 0.000000, 1564885004515737, 9999.999900, 
 , 0, 0.000000, 0.000000, 0.000000, 0.000000, 0.000000, 0.000000, 0.000000, 0, 0, 0.000000, 0.000000, 0.000000, 1564885004523978, 9999.999900, 
 , 0, 0.000000, 0.000000, 0.000000, 0.000000, 0.000000, 0.000000, 0.000000, 0, 0, 0.000000, 0.000000, 0.000000, 1564885004532421, 9999.999900, 
 , 0, 0.000000, 0.000000, 0.000000, 0.000000, 0.000000, 0.000000, 0.000000, 0, 0, 0.000000, 0.000000, 0.000000, 1564885004541022, 9999.999900, 
 , 0, 0.000000, 0.000000, 0.000000, 0.000000, 0.000000, 0.000000, 0.000000, 0, 0, 0.000000, 0.000000, 0.000000, 1564885004549070, 9999.999900, 
 , 0, 0.000000, 0.000000, 0.000000, 0.000000, 0.000000, 0.000000, 0.000000, 0, 0, 0.000000, 0.000000, 0.000000, 1564885004557397, 9999.999900, 
 , 0, 0.000000, 0.000000, 0.000000, 0.000000, 0.000000, 0.000000, 0.000000, 0, 0, 0.000000, 0.000000, 0.000000, 1564885004565782, 9999.999900, 
 , 0, 0.000000, 0.000000, 0.000000, 0.000000, 0.000000, 0.000000, 0.000000, 0, 0, 0.000000, 0.000000, 0.000000, 1564885004574530, 9999.999900, 
 , 0, 0.000000, 0.000000, 0.000000, 0.000000, 0.000000, 0.000000, 0.000000, 0, 0, 0.000000, 0.000000, 0.000000, 1564885004582301, 9999.999900, 
 , 0, 0.000000, 0.000000, 0.000000, 0.000000, 0.000000, 0.000000, 0.000000, 0, 0, 0.000000, 0.000000, 0.000000, 1564885004591006, 9999.999900, 
 , 0, 0.000000, 0.000000, 0.000000, 0.000000, 0.000000, 0.000000, 0.000000, 0, 0, 0.000000, 0.000000, 0.000000, 1564885004599025, 9999.999900, 
 , 0, 0.000000, 0.000000, 0.000000, 0.000000, 0.000000, 0.000000, 0.000000, 0, 0, 0.000000, 0.000000, 0.000000, 1564885004607522, 9999.999900, 
 , 0, 0.000000, 0.000000, 0.000000, 0.000000, 0.000000, 0.000000, 0.000000, 0, 0, 0.000000, 0.000000, 0.000000, 1564885004615547, 9999.999900, 
 , 0, 0.000000, 0.000000, 0.000000, 0.000000, 0.000000, 0.000000, 0.000000, 0, 0, 0.000000, 0.000000, 0.000000, 1564885004624390, 9999.999900, 
 , 0, 0.000000, 0.000000, 0.000000, 0.000000, 0.000000, 0.000000, 0.000000, 0, 0, 0.000000, 0.000000, 0.000000, 1564885004632241, 9999.999900, 
 , 0, 0.000000, 0.000000, 0.000000, 0.000000, 0.000000, 0.000000, 0.000000, 0, 0, 0.000000, 0.000000, 0.000000, 1564885004641087, 9999.999900, 
 , 0, 0.000000, 0.000000, 0.000000, 0.000000, 0.000000, 0.000000, 0.000000, 0, 0, 0.000000, 0.000000, 0.000000, 1564885004649119, 9999.999900, 
 , 0, 0.000000, 0.000000, 0.000000, 0.000000, 0.000000, 0.000000, 0.000000, 0, 0, 0.000000, 0.000000, 0.000000, 1564885004657377, 9999.999900, 
 , 0, 0.000000, 0.000000, 0.000000, 0.000000, 0.000000, 0.000000, 0.000000, 0, 0, 0.000000, 0.000000, 0.000000, 1564885004666600, 9999.999900, 
 , 0, 0.000000, 0.000000, 0.000000, 0.000000, 0.000000, 0.000000, 0.000000, 0, 0, 0.000000, 0.000000, 0.000000, 1564885004674158, 9999.999900, 
 , 0, 0.000000, 0.000000, 0.000000, 0.000000, 0.000000, 0.000000, 0.000000, 0, 0, 0.000000, 0.000000, 0.000000, 1564885004682384, 9999.999900, 
 , 0, 0.000000, 0.000000, 0.000000, 0.000000, 0.000000, 0.000000, 0.000000, 0, 0, 0.000000, 0.000000, 0.000000, 1564885004691059, 9999.999900, 
 , 0, 0.000000, 0.000000, 0.000000, 0.000000, 0.000000, 0.000000, 0.000000, 0, 0, 0.000000, 0.000000, 0.000000, 1564885004698965, 9999.999900, 
 , 0, 0.000000, 0.000000, 0.000000, 0.000000, 0.000000, 0.000000, 0.000000, 0, 0, 0.000000, 0.000000, 0.000000, 1564885004707508, 9999.999900, 
 , 0, 0.000000, 0.000000, 0.000000, 0.000000, 0.000000, 0.000000, 0.000000, 0, 0, 0.000000, 0.000000, 0.000000, 1564885004715701, 9999.999900, 
 , 0, 0.000000, 0.000000, 0.000000, 0.000000, 0.000000, 0.000000, 0.000000, 0, 0, 0.000000, 0.000000, 0.000000, 1564885004724250, 9999.999900, 
 , 0, 0.000000, 0.000000, 0.000000, 0.000000, 0.000000, 0.000000, 0.000000, 0, 0, 0.000000, 0.000000, 0.000000, 1564885004732423, 9999.999900, 
 , 0, 0.000000, 0.000000, 0.000000, 0.000000, 0.000000, 0.000000, 0.000000, 0, 0, 0.000000, 0.000000, 0.000000, 1564885004741036, 9999.999900, 
 , 0, 0.000000, 0.000000, 0.000000, 0.000000, 0.000000, 0.000000, 0.000000, 0, 0, 0.000000, 0.000000, 0.000000, 1564885004749289, 9999.999900, 
 , 0, 0.000000, 0.000000, 0.000000, 0.000000, 0.000000, 0.000000, 0.000000, 0, 0, 0.000000, 0.000000, 0.000000, 1564885004757412, 9999.999900, 
 , 0, 0.000000, 0.000000, 0.000000, 0.000000, 0.000000, 0.000000, 0.000000, 0, 0, 0.000000, 0.000000, 0.000000, 1564885004765780, 9999.999900, 
 , 0, 0.000000, 0.000000, 0.000000, 0.000000, 0.000000, 0.000000, 0.000000, 0, 0, 0.000000, 0.000000, 0.000000, 1564885004774062, 9999.999900, 
 , 0, 0.000000, 0.000000, 0.000000, 0.000000, 0.000000, 0.000000, 0.000000, 0, 0, 0.000000, 0.000000, 0.000000, 1564885004782331, 9999.999900, 
 , 0, 0.000000, 0.000000, 0.000000, 0.000000, 0.000000, 0.000000, 0.000000, 0, 0, 0.000000, 0.000000, 0.000000, 1564885004790980, 9999.999900, 
 , 0, 0.000000, 0.000000, 0.000000, 0.000000, 0.000000, 0.000000, 0.000000, 0, 0, 0.000000, 0.000000, 0.000000, 1564885004798868, 9999.999900, 
 , 0, 0.000000, 0.000000, 0.000000, 0.000000, 0.000000, 0.000000, 0.000000, 0, 0, 0.000000, 0.000000, 0.000000, 1564885004807512, 9999.999900, 
 , 0, 0.000000, 0.000000, 0.000000, 0.000000, 0.000000, 0.000000, 0.000000, 0, 0, 0.000000, 0.000000, 0.000000, 1564885004815909, 9999.999900, 
 , 0, 0.000000, 0.000000, 0.000000, 0.000000, 0.000000, 0.000000, 0.000000, 0, 0, 0.000000, 0.000000, 0.000000, 1564885004824099, 9999.999900, 
 , 0, 0.000000, 0.000000, 0.000000, 0.000000, 0.000000, 0.000000, 0.000000, 0, 0, 0.000000, 0.000000, 0.000000, 1564885004832455, 9999.999900, 
 , 0, 0.000000, 0.000000, 0.000000, 0.000000, 0.000000, 0.000000, 0.000000, 0, 0, 0.000000, 0.000000, 0.000000, 1564885004840936, 9999.999900, 
 , 0, 0.000000, 0.000000, 0.000000, 0.000000, 0.000000, 0.000000, 0.000000, 0, 0, 0.000000, 0.000000, 0.000000, 1564885004849084, 9999.999900, 
 , 0, 0.000000, 0.000000, 0.000000, 0.000000, 0.000000, 0.000000, 0.000000, 0, 0, 0.000000, 0.000000, 0.000000, 1564885004857162, 9999.999900, 
 , 0, 0.000000, 0.000000, 0.000000, 0.000000, 0.000000, 0.000000, 0.000000, 0, 0, 0.000000, 0.000000, 0.000000, 1564885004865557, 9999.999900, 
 , 0, 0.000000, 0.000000, 0.000000, 0.000000, 0.000000, 0.000000, 0.000000, 0, 0, 0.000000, 0.000000, 0.000000, 1564885004874040, 9999.999900, 
 , 0, 0.000000, 0.000000, 0.000000, 0.000000, 0.000000, 0.000000, 0.000000, 0, 0, 0.000000, 0.000000, 0.000000, 1564885004882568, 9999.999900, 
 , 0, 0.000000, 0.000000, 0.000000, 0.000000, 0.000000, 0.000000, 0.000000, 0, 0, 0.000000, 0.000000, 0.000000, 1564885004890723, 9999.999900, 
 , 0, 0.000000, 0.000000, 0.000000, 0.000000, 0.000000, 0.000000, 0.000000, 0, 0, 0.000000, 0.000000, 0.000000, 1564885004899543, 9999.999900, 
 , 0, 0.000000, 0.000000, 0.000000, 0.000000, 0.000000, 0.000000, 0.000000, 0, 0, 0.000000, 0.000000, 0.000000, 1564885004907333, 9999.999900, 
 , 0, 0.000000, 0.000000, 0.000000, 0.000000, 0.000000, 0.000000, 0.000000, 0, 0, 0.000000, 0.000000, 0.000000, 1564885004915923, 9999.999900, 
 , 0, 0.000000, 0.000000, 0.000000, 0.000000, 0.000000, 0.000000, 0.000000, 0, 0, 0.000000, 0.000000, 0.000000, 1564885004924364, 9999.999900, 
 , 0, 0.000000, 0.000000, 0.000000, 0.000000, 0.000000, 0.000000, 0.000000, 0, 0, 0.000000, 0.000000, 0.000000, 1564885004932537, 9999.999900, 
 , 0, 0.000000, 0.000000, 0.000000, 0.000000, 0.000000, 0.000000, 0.000000, 0, 0, 0.000000, 0.000000, 0.000000, 1564885004940751, 9999.999900, 
 , 0, 0.000000, 0.000000, 0.000000, 0.000000, 0.000000, 0.000000, 0.000000, 0, 0, 0.000000, 0.000000, 0.000000, 1564885004949170, 9999.999900, 
 , 0, 0.000000, 0.000000, 0.000000, 0.000000, 0.000000, 0.000000, 0.000000, 0, 0, 0.000000, 0.000000, 0.000000, 1564885004957321, 9999.999900, 
 , 0, 0.000000, 0.000000, 0.000000, 0.000000, 0.000000, 0.000000, 0.000000, 0, 0, 0.000000, 0.000000, 0.000000, 1564885004965748, 9999.999900, 
 , 0, 0.000000, 0.000000, 0.000000, 0.000000, 0.000000, 0.000000, 0.000000, 0, 0, 0.000000, 0.000000, 0.000000, 1564885004973946, 9999.999900, 
 , 0, 0.000000, 0.000000, 0.000000, 0.000000, 0.000000, 0.000000, 0.000000, 0, 0, 0.000000, 0.000000, 0.000000, 1564885004982753, 9999.999900, 
 , 0, 0.000000, 0.000000, 0.000000, 0.000000, 0.000000, 0.000000, 0.000000, 0, 0, 0.000000, 0.000000, 0.000000, 1564885004991145, 9999.999900, 
 , 0, 0.000000, 0.000000, 0.000000, 0.000000, 0.000000, 0.000000, 0.000000, 0, 0, 0.000000, 0.000000, 0.000000, 1564885004998990, 9999.999900, 
 , 0, 0.000000, 0.000000, 0.000000, 0.000000, 0.000000, 0.000000, 0.000000, 0, 0, 0.000000, 0.000000, 0.000000, 1564885005007439, 9999.999900, 
 , 0, 0.000000, 0.000000, 0.000000, 0.000000, 0.000000, 0.000000, 0.000000, 0, 0, 0.000000, 0.000000, 0.000000, 1564885005015717, 9999.999900, 
 , 0, 0.000000, 0.000000, 0.000000, 0.000000, 0.000000, 0.000000, 0.000000, 0, 0, 0.000000, 0.000000, 0.000000, 1564885005024046, 9999.999900, 
 , 0, 0.000000, 0.000000, 0.000000, 0.000000, 0.000000, 0.000000, 0.000000, 0, 0, 0.000000, 0.000000, 0.000000, 1564885005032515, 9999.999900, 
 , 0, 0.000000, 0.000000, 0.000000, 0.000000, 0.000000, 0.000000, 0.000000, 0, 0, 0.000000, 0.000000, 0.000000, 1564885005041132, 9999.999900, 
 , 0, 0.000000, 0.000000, 0.000000, 0.000000, 0.000000, 0.000000, 0.000000, 0, 0, 0.000000, 0.000000, 0.000000, 1564885005049133, 9999.999900, 
 , 0, 0.000000, 0.000000, 0.000000, 0.000000, 0.000000, 0.000000, 0.000000, 0, 0, 0.000000, 0.000000, 0.000000, 1564885005057323, 9999.999900, 
 , 0, 0.000000, 0.000000, 0.000000, 0.000000, 0.000000, 0.000000, 0.000000, 0, 0, 0.000000, 0.000000, 0.000000, 1564885005065615, 9999.999900, 
 , 0, 0.000000, 0.000000, 0.000000, 0.000000, 0.000000, 0.000000, 0.000000, 0, 0, 0.000000, 0.000000, 0.000000, 1564885005074149, 9999.999900, 
 , 0, 0.000000, 0.000000, 0.000000, 0.000000, 0.000000, 0.000000, 0.000000, 0, 0, 0.000000, 0.000000, 0.000000, 1564885005082624, 9999.999900, 
 , 0, 0.000000, 0.000000, 0.000000, 0.000000, 0.000000, 0.000000, 0.000000, 0, 0, 0.000000, 0.000000, 0.000000, 1564885005091053, 9999.999900, 
 , 0, 0.000000, 0.000000, 0.000000, 0.000000, 0.000000, 0.000000, 0.000000, 0, 0, 0.000000, 0.000000, 0.000000, 1564885005099448, 9999.999900, 
 , 0, 0.000000, 0.000000, 0.000000, 0.000000, 0.000000, 0.000000, 0.000000, 0, 0, 0.000000, 0.000000, 0.000000, 1564885005107548, 9999.999900, 
 , 0, 0.000000, 0.000000, 0.000000, 0.000000, 0.000000, 0.000000, 0.000000, 0, 0, 0.000000, 0.000000, 0.000000, 1564885005115901, 9999.999900, 
 , 0, 0.000000, 0.000000, 0.000000, 0.000000, 0.000000, 0.000000, 0.000000, 0, 0, 0.000000, 0.000000, 0.000000, 1564885005124335, 9999.999900, 
 , 0, 0.000000, 0.000000, 0.000000, 0.000000, 0.000000, 0.000000, 0.000000, 0, 0, 0.000000, 0.000000, 0.000000, 1564885005132468, 9999.999900, 
 , 0, 0.000000, 0.000000, 0.000000, 0.000000, 0.000000, 0.000000, 0.000000, 0, 0, 0.000000, 0.000000, 0.000000, 1564885005140807, 9999.999900, 
 , 0, 0.000000, 0.000000, 0.000000, 0.000000, 0.000000, 0.000000, 0.000000, 0, 0, 0.000000, 0.000000, 0.000000, 1564885005149077, 9999.999900, 
 , 0, 0.000000, 0.000000, 0.000000, 0.000000, 0.000000, 0.000000, 0.000000, 0, 0, 0.000000, 0.000000, 0.000000, 1564885005157498, 9999.999900, 
 , 0, 0.000000, 0.000000, 0.000000, 0.000000, 0.000000, 0.000000, 0.000000, 0, 0, 0.000000, 0.000000, 0.000000, 1564885005165528, 9999.999900, 
 , 0, 0.000000, 0.000000, 0.000000, 0.000000, 0.000000, 0.000000, 0.000000, 0, 0, 0.000000, 0.000000, 0.000000, 1564885005174377, 9999.999900, 
 , 0, 0.000000, 0.000000, 0.000000, 0.000000, 0.000000, 0.000000, 0.000000, 0, 0, 0.000000, 0.000000, 0.000000, 1564885005182457, 9999.999900, 
 , 0, 0.000000, 0.000000, 0.000000, 0.000000, 0.000000, 0.000000, 0.000000, 0, 0, 0.000000, 0.000000, 0.000000, 1564885005190932, 9999.999900, 
 , 0, 0.000000, 0.000000, 0.000000, 0.000000, 0.000000, 0.000000, 0.000000, 0, 0, 0.000000, 0.000000, 0.000000, 1564885005198956, 9999.999900, 
 , 0, 0.000000, 0.000000, 0.000000, 0.000000, 0.000000, 0.000000, 0.000000, 0, 0, 0.000000, 0.000000, 0.000000, 1564885005207299, 9999.999900, 
 , 0, 0.000000, 0.000000, 0.000000, 0.000000, 0.000000, 0.000000, 0.000000, 0, 0, 0.000000, 0.000000, 0.000000, 1564885005215603, 9999.999900, 
 , 0, 0.000000, 0.000000, 0.000000, 0.000000, 0.000000, 0.000000, 0.000000, 0, 0, 0.000000, 0.000000, 0.000000, 1564885005224216, 9999.999900, 
 , 0, 0.000000, 0.000000, 0.000000, 0.000000, 0.000000, 0.000000, 0.000000, 0, 0, 0.000000, 0.000000, 0.000000, 1564885005232608, 9999.999900, 
 , 0, 0.000000, 0.000000, 0.000000, 0.000000, 0.000000, 0.000000, 0.000000, 0, 0, 0.000000, 0.000000, 0.000000, 1564885005240931, 9999.999900, 
 , 0, 0.000000, 0.000000, 0.000000, 0.000000, 0.000000, 0.000000, 0.000000, 0, 0, 0.000000, 0.000000, 0.000000, 1564885005249228, 9999.999900, 
 , 0, 0.000000, 0.000000, 0.000000, 0.000000, 0.000000, 0.000000, 0.000000, 0, 0, 0.000000, 0.000000, 0.000000, 1564885005257645, 9999.999900, 
 , 0, 0.000000, 0.000000, 0.000000, 0.000000, 0.000000, 0.000000, 0.000000, 0, 0, 0.000000, 0.000000, 0.000000, 1564885005265556, 9999.999900, 
 , 0, 0.000000, 0.000000, 0.000000, 0.000000, 0.000000, 0.000000, 0.000000, 0, 0, 0.000000, 0.000000, 0.000000, 1564885005274058, 9999.999900, 
 , 0, 0.000000, 0.000000, 0.000000, 0.000000, 0.000000, 0.000000, 0.000000, 0, 0, 0.000000, 0.000000, 0.000000, 1564885005282359, 9999.999900, 
 , 0, 0.000000, 0.000000, 0.000000, 0.000000, 0.000000, 0.000000, 0.000000, 0, 0, 0.000000, 0.000000, 0.000000, 1564885005290608, 9999.999900, 
 , 0, 0.000000, 0.000000, 0.000000, 0.000000, 0.000000, 0.000000, 0.000000, 0, 0, 0.000000, 0.000000, 0.000000, 1564885005299150, 9999.999900, 
 , 0, 0.000000, 0.000000, 0.000000, 0.000000, 0.000000, 0.000000, 0.000000, 0, 0, 0.000000, 0.000000, 0.000000, 1564885005307355, 9999.999900, 
 , 0, 0.000000, 0.000000, 0.000000, 0.000000, 0.000000, 0.000000, 0.000000, 0, 0, 0.000000, 0.000000, 0.000000, 1564885005315899, 9999.999900, 
 , 0, 0.000000, 0.000000, 0.000000, 0.000000, 0.000000, 0.000000, 0.000000, 0, 0, 0.000000, 0.000000, 0.000000, 1564885005323929, 9999.999900, 
 , 0, 0.000000, 0.000000, 0.000000, 0.000000, 0.000000, 0.000000, 0.000000, 0, 0, 0.000000, 0.000000, 0.000000, 1564885005332439, 9999.999900, 
 , 0, 0.000000, 0.000000, 0.000000, 0.000000, 0.000000, 0.000000, 0.000000, 0, 0, 0.000000, 0.000000, 0.000000, 1564885005340686, 9999.999900, 
 , 0, 0.000000, 0.000000, 0.000000, 0.000000, 0.000000, 0.000000, 0.000000, 0, 0, 0.000000, 0.000000, 0.000000, 1564885005349268, 9999.999900, 
 , 0, 0.000000, 0.000000, 0.000000, 0.000000, 0.000000, 0.000000, 0.000000, 0, 0, 0.000000, 0.000000, 0.000000, 1564885005357542, 9999.999900, 
 , 0, 0.000000, 0.000000, 0.000000, 0.000000, 0.000000, 0.000000, 0.000000, 0, 0, 0.000000, 0.000000, 0.000000, 1564885005366037, 9999.999900, 
 , 0, 0.000000, 0.000000, 0.000000, 0.000000, 0.000000, 0.000000, 0.000000, 0, 0, 0.000000, 0.000000, 0.000000, 1564885005374260, 9999.999900, 
 , 0, 0.000000, 0.000000, 0.000000, 0.000000, 0.000000, 0.000000, 0.000000, 0, 0, 0.000000, 0.000000, 0.000000, 1564885005382437, 9999.999900, 
 , 0, 0.000000, 0.000000, 0.000000, 0.000000, 0.000000, 0.000000, 0.000000, 0, 0, 0.000000, 0.000000, 0.000000, 1564885005390944, 9999.999900, 
 , 0, 0.000000, 0.000000, 0.000000, 0.000000, 0.000000, 0.000000, 0.000000, 0, 0, 0.000000, 0.000000, 0.000000, 1564885005399164, 9999.999900, 
 , 0, 0.000000, 0.000000, 0.000000, 0.000000, 0.000000, 0.000000, 0.000000, 0, 0, 0.000000, 0.000000, 0.000000, 1564885005407234, 9999.999900, 
 , 0, 0.000000, 0.000000, 0.000000, 0.000000, 0.000000, 0.000000, 0.000000, 0, 0, 0.000000, 0.000000, 0.000000, 1564885005415950, 9999.999900, 
 , 0, 0.000000, 0.000000, 0.000000, 0.000000, 0.000000, 0.000000, 0.000000, 0, 0, 0.000000, 0.000000, 0.000000, 1564885005424151, 9999.999900, 
 , 0, 0.000000, 0.000000, 0.000000, 0.000000, 0.000000, 0.000000, 0.000000, 0, 0, 0.000000, 0.000000, 0.000000, 1564885005432383, 9999.999900, 
 , 0, 0.000000, 0.000000, 0.000000, 0.000000, 0.000000, 0.000000, 0.000000, 0, 0, 0.000000, 0.000000, 0.000000, 1564885005440925, 9999.999900, 
 , 0, 0.000000, 0.000000, 0.000000, 0.000000, 0.000000, 0.000000, 0.000000, 0, 0, 0.000000, 0.000000, 0.000000, 1564885005449008, 9999.999900, 
 , 0, 0.000000, 0.000000, 0.000000, 0.000000, 0.000000, 0.000000, 0.000000, 0, 0, 0.000000, 0.000000, 0.000000, 1564885005457513, 9999.999900, 
 , 0, 0.000000, 0.000000, 0.000000, 0.000000, 0.000000, 0.000000, 0.000000, 0, 0, 0.000000, 0.000000, 0.000000, 1564885005465821, 9999.999900, 
 , 0, 0.000000, 0.000000, 0.000000, 0.000000, 0.000000, 0.000000, 0.000000, 0, 0, 0.000000, 0.000000, 0.000000, 1564885005474326, 9999.999900, 
 , 0, 0.000000, 0.000000, 0.000000, 0.000000, 0.000000, 0.000000, 0.000000, 0, 0, 0.000000, 0.000000, 0.000000, 1564885005482294, 9999.999900, 
 , 0, 0.000000, 0.000000, 0.000000, 0.000000, 0.000000, 0.000000, 0.000000, 0, 0, 0.000000, 0.000000, 0.000000, 1564885005490832, 9999.999900, 
 , 0, 0.000000, 0.000000, 0.000000, 0.000000, 0.000000, 0.000000, 0.000000, 0, 0, 0.000000, 0.000000, 0.000000, 1564885005499196, 9999.999900, 
 , 0, 0.000000, 0.000000, 0.000000, 0.000000, 0.000000, 0.000000, 0.000000, 0, 0, 0.000000, 0.000000, 0.000000, 1564885005507343, 9999.999900, 
 , 0, 0.000000, 0.000000, 0.000000, 0.000000, 0.000000, 0.000000, 0.000000, 0, 0, 0.000000, 0.000000, 0.000000, 1564885005515641, 9999.999900, 
 , 0, 0.000000, 0.000000, 0.000000, 0.000000, 0.000000, 0.000000, 0.000000, 0, 0, 0.000000, 0.000000, 0.000000, 1564885005524119, 9999.999900, 
 , 0, 0.000000, 0.000000, 0.000000, 0.000000, 0.000000, 0.000000, 0.000000, 0, 0, 0.000000, 0.000000, 0.000000, 1564885005532446, 9999.999900, 
 , 0, 0.000000, 0.000000, 0.000000, 0.000000, 0.000000, 0.000000, 0.000000, 0, 0, 0.000000, 0.000000, 0.000000, 1564885005541097, 9999.999900, 
 , 0, 0.000000, 0.000000, 0.000000, 0.000000, 0.000000, 0.000000, 0.000000, 0, 0, 0.000000, 0.000000, 0.000000, 1564885005549174, 9999.999900, 
 , 0, 0.000000, 0.000000, 0.000000, 0.000000, 0.000000, 0.000000, 0.000000, 0, 0, 0.000000, 0.000000, 0.000000, 1564885005557572, 9999.999900, 
 , 0, 0.000000, 0.000000, 0.000000, 0.000000, 0.000000, 0.000000, 0.000000, 0, 0, 0.000000, 0.000000, 0.000000, 1564885005565565, 9999.999900, 
 , 0, 0.000000, 0.000000, 0.000000, 0.000000, 0.000000, 0.000000, 0.000000, 0, 0, 0.000000, 0.000000, 0.000000, 1564885005574075, 9999.999900, 
 , 0, 0.000000, 0.000000, 0.000000, 0.000000, 0.000000, 0.000000, 0.000000, 0, 0, 0.000000, 0.000000, 0.000000, 1564885005582680, 9999.999900, 
 , 0, 0.000000, 0.000000, 0.000000, 0.000000, 0.000000, 0.000000, 0.000000, 0, 0, 0.000000, 0.000000, 0.000000, 1564885005590991, 9999.999900, 
 , 0, 0.000000, 0.000000, 0.000000, 0.000000, 0.000000, 0.000000, 0.000000, 0, 0, 0.000000, 0.000000, 0.000000, 1564885005599188, 9999.999900, 
 , 0, 0.000000, 0.000000, 0.000000, 0.000000, 0.000000, 0.000000, 0.000000, 0, 0, 0.000000, 0.000000, 0.000000, 1564885005607448, 9999.999900, 
 , 0, 0.000000, 0.000000, 0.000000, 0.000000, 0.000000, 0.000000, 0.000000, 0, 0, 0.000000, 0.000000, 0.000000, 1564885005615901, 9999.999900, 
 , 0, 0.000000, 0.000000, 0.000000, 0.000000, 0.000000, 0.000000, 0.000000, 0, 0, 0.000000, 0.000000, 0.000000, 1564885005624176, 9999.999900, 
 , 0, 0.000000, 0.000000, 0.000000, 0.000000, 0.000000, 0.000000, 0.000000, 0, 0, 0.000000, 0.000000, 0.000000, 1564885005632516, 9999.999900, 
 , 0, 0.000000, 0.000000, 0.000000, 0.000000, 0.000000, 0.000000, 0.000000, 0, 0, 0.000000, 0.000000, 0.000000, 1564885005640875, 9999.999900, 
 , 0, 0.000000, 0.000000, 0.000000, 0.000000, 0.000000, 0.000000, 0.000000, 0, 0, 0.000000, 0.000000, 0.000000, 1564885005649121, 9999.999900, 
 , 0, 0.000000, 0.000000, 0.000000, 0.000000, 0.000000, 0.000000, 0.000000, 0, 0, 0.000000, 0.000000, 0.000000, 1564885005657480, 9999.999900, 
 , 0, 0.000000, 0.000000, 0.000000, 0.000000, 0.000000, 0.000000, 0.000000, 0, 0, 0.000000, 0.000000, 0.000000, 1564885005665790, 9999.999900, 
 , 0, 0.000000, 0.000000, 0.000000, 0.000000, 0.000000, 0.000000, 0.000000, 0, 0, 0.000000, 0.000000, 0.000000, 1564885005674231, 9999.999900, 
 , 0, 0.000000, 0.000000, 0.000000, 0.000000, 0.000000, 0.000000, 0.000000, 0, 0, 0.000000, 0.000000, 0.000000, 1564885005682491, 9999.999900, 
 , 0, 0.000000, 0.000000, 0.000000, 0.000000, 0.000000, 0.000000, 0.000000, 0, 0, 0.000000, 0.000000, 0.000000, 1564885005690826, 9999.999900, 
 , 0, 0.000000, 0.000000, 0.000000, 0.000000, 0.000000, 0.000000, 0.000000, 0, 0, 0.000000, 0.000000, 0.000000, 1564885005699021, 9999.999900, 
 , 0, 0.000000, 0.000000, 0.000000, 0.000000, 0.000000, 0.000000, 0.000000, 0, 0, 0.000000, 0.000000, 0.000000, 1564885005707305, 9999.999900, 
 , 0, 0.000000, 0.000000, 0.000000, 0.000000, 0.000000, 0.000000, 0.000000, 0, 0, 0.000000, 0.000000, 0.000000, 1564885005715880, 9999.999900, 
 , 0, 0.000000, 0.000000, 0.000000, 0.000000, 0.000000, 0.000000, 0.000000, 0, 0, 0.000000, 0.000000, 0.000000, 1564885005724100, 9999.999900, 
 , 0, 0.000000, 0.000000, 0.000000, 0.000000, 0.000000, 0.000000, 0.000000, 0, 0, 0.000000, 0.000000, 0.000000, 1564885005732501, 9999.999900, 
 , 0, 0.000000, 0.000000, 0.000000, 0.000000, 0.000000, 0.000000, 0.000000, 0, 0, 0.000000, 0.000000, 0.000000, 1564885005740888, 9999.999900, 
 , 0, 0.000000, 0.000000, 0.000000, 0.000000, 0.000000, 0.000000, 0.000000, 0, 0, 0.000000, 0.000000, 0.000000, 1564885005749044, 9999.999900, 
 , 0, 0.000000, 0.000000, 0.000000, 0.000000, 0.000000, 0.000000, 0.000000, 0, 0, 0.000000, 0.000000, 0.000000, 1564885005757537, 9999.999900, 
 , 0, 0.000000, 0.000000, 0.000000, 0.000000, 0.000000, 0.000000, 0.000000, 0, 0, 0.000000, 0.000000, 0.000000, 1564885005765681, 9999.999900, 
 , 0, 0.000000, 0.000000, 0.000000, 0.000000, 0.000000, 0.000000, 0.000000, 0, 0, 0.000000, 0.000000, 0.000000, 1564885005774067, 9999.999900, 
 , 0, 0.000000, 0.000000, 0.000000, 0.000000, 0.000000, 0.000000, 0.000000, 0, 0, 0.000000, 0.000000, 0.000000, 1564885005782335, 9999.999900, 
 , 0, 0.000000, 0.000000, 0.000000, 0.000000, 0.000000, 0.000000, 0.000000, 0, 0, 0.000000, 0.000000, 0.000000, 1564885005790947, 9999.999900, 
 , 0, 0.000000, 0.000000, 0.000000, 0.000000, 0.000000, 0.000000, 0.000000, 0, 0, 0.000000, 0.000000, 0.000000, 1564885005799055, 9999.999900, 
 , 0, 0.000000, 0.000000, 0.000000, 0.000000, 0.000000, 0.000000, 0.000000, 0, 0, 0.000000, 0.000000, 0.000000, 1564885005807576, 9999.999900, 
 , 0, 0.000000, 0.000000, 0.000000, 0.000000, 0.000000, 0.000000, 0.000000, 0, 0, 0.000000, 0.000000, 0.000000, 1564885005816033, 9999.999900, 
 , 0, 0.000000, 0.000000, 0.000000, 0.000000, 0.000000, 0.000000, 0.000000, 0, 0, 0.000000, 0.000000, 0.000000, 1564885005824213, 9999.999900, 
 , 0, 0.000000, 0.000000, 0.000000, 0.000000, 0.000000, 0.000000, 0.000000, 0, 0, 0.000000, 0.000000, 0.000000, 1564885005832528, 9999.999900, 
 , 0, 0.000000, 0.000000, 0.000000, 0.000000, 0.000000, 0.000000, 0.000000, 0, 0, 0.000000, 0.000000, 0.000000, 1564885005840963, 9999.999900, 
 , 0, 0.000000, 0.000000, 0.000000, 0.000000, 0.000000, 0.000000, 0.000000, 0, 0, 0.000000, 0.000000, 0.000000, 1564885005849257, 9999.999900, 
 , 0, 0.000000, 0.000000, 0.000000, 0.000000, 0.000000, 0.000000, 0.000000, 0, 0, 0.000000, 0.000000, 0.000000, 1564885005857475, 9999.999900, 
 , 0, 0.000000, 0.000000, 0.000000, 0.000000, 0.000000, 0.000000, 0.000000, 0, 0, 0.000000, 0.000000, 0.000000, 1564885005865840, 9999.999900, 
 , 0, 0.000000, 0.000000, 0.000000, 0.000000, 0.000000, 0.000000, 0.000000, 0, 0, 0.000000, 0.000000, 0.000000, 1564885005874137, 9999.999900, 
 , 0, 0.000000, 0.000000, 0.000000, 0.000000, 0.000000, 0.000000, 0.000000, 0, 0, 0.000000, 0.000000, 0.000000, 1564885005882395, 9999.999900, 
 , 0, 0.000000, 0.000000, 0.000000, 0.000000, 0.000000, 0.000000, 0.000000, 0, 0, 0.000000, 0.000000, 0.000000, 1564885005890990, 9999.999900, 
 , 0, 0.000000, 0.000000, 0.000000, 0.000000, 0.000000, 0.000000, 0.000000, 0, 0, 0.000000, 0.000000, 0.000000, 1564885005898958, 9999.999900, 
 , 0, 0.000000, 0.000000, 0.000000, 0.000000, 0.000000, 0.000000, 0.000000, 0, 0, 0.000000, 0.000000, 0.000000, 1564885005907385, 9999.999900, 
 , 0, 0.000000, 0.000000, 0.000000, 0.000000, 0.000000, 0.000000, 0.000000, 0, 0, 0.000000, 0.000000, 0.000000, 1564885005915904, 9999.999900, 
 , 0, 0.000000, 0.000000, 0.000000, 0.000000, 0.000000, 0.000000, 0.000000, 0, 0, 0.000000, 0.000000, 0.000000, 1564885005924388, 9999.999900, 
 , 0, 0.000000, 0.000000, 0.000000, 0.000000, 0.000000, 0.000000, 0.000000, 0, 0, 0.000000, 0.000000, 0.000000, 1564885005932407, 9999.999900, 
 , 0, 0.000000, 0.000000, 0.000000, 0.000000, 0.000000, 0.000000, 0.000000, 0, 0, 0.000000, 0.000000, 0.000000, 1564885005940900, 9999.999900, 
 , 0, 0.000000, 0.000000, 0.000000, 0.000000, 0.000000, 0.000000, 0.000000, 0, 0, 0.000000, 0.000000, 0.000000, 1564885005949096, 9999.999900, 
 , 0, 0.000000, 0.000000, 0.000000, 0.000000, 0.000000, 0.000000, 0.000000, 0, 0, 0.000000, 0.000000, 0.000000, 1564885005957291, 9999.999900, 
 , 0, 0.000000, 0.000000, 0.000000, 0.000000, 0.000000, 0.000000, 0.000000, 0, 0, 0.000000, 0.000000, 0.000000, 1564885005965829, 9999.999900, 
 , 0, 0.000000, 0.000000, 0.000000, 0.000000, 0.000000, 0.000000, 0.000000, 0, 0, 0.000000, 0.000000, 0.000000, 1564885005974173, 9999.999900, 
 , 0, 0.000000, 0.000000, 0.000000, 0.000000, 0.000000, 0.000000, 0.000000, 0, 0, 0.000000, 0.000000, 0.000000, 1564885005982517, 9999.999900, 
 , 0, 0.000000, 0.000000, 0.000000, 0.000000, 0.000000, 0.000000, 0.000000, 0, 0, 0.000000, 0.000000, 0.000000, 1564885005991097, 9999.999900, 
 , 0, 0.000000, 0.000000, 0.000000, 0.000000, 0.000000, 0.000000, 0.000000, 0, 0, 0.000000, 0.000000, 0.000000, 1564885005999077, 9999.999900, 
 , 0, 0.000000, 0.000000, 0.000000, 0.000000, 0.000000, 0.000000, 0.000000, 0, 0, 0.000000, 0.000000, 0.000000, 1564885006007581, 9999.999900, 
 , 0, 0.000000, 0.000000, 0.000000, 0.000000, 0.000000, 0.000000, 0.000000, 0, 0, 0.000000, 0.000000, 0.000000, 1564885006015858, 9999.999900, 
 , 0, 0.000000, 0.000000, 0.000000, 0.000000, 0.000000, 0.000000, 0.000000, 0, 0, 0.000000, 0.000000, 0.000000, 1564885006024248, 9999.999900, 
 , 0, 0.000000, 0.000000, 0.000000, 0.000000, 0.000000, 0.000000, 0.000000, 0, 0, 0.000000, 0.000000, 0.000000, 1564885006032499, 9999.999900, 
 , 0, 0.000000, 0.000000, 0.000000, 0.000000, 0.000000, 0.000000, 0.000000, 0, 0, 0.000000, 0.000000, 0.000000, 1564885006041530, 9999.999900, 
 , 0, 0.000000, 0.000000, 0.000000, 0.000000, 0.000000, 0.000000, 0.000000, 0, 0, 0.000000, 0.000000, 0.000000, 1564885006049062, 9999.999900, 
 , 0, 0.000000, 0.000000, 0.000000, 0.000000, 0.000000, 0.000000, 0.000000, 0, 0, 0.000000, 0.000000, 0.000000, 1564885006057353, 9999.999900, 
 , 0, 0.000000, 0.000000, 0.000000, 0.000000, 0.000000, 0.000000, 0.000000, 0, 0, 0.000000, 0.000000, 0.000000, 1564885006065727, 9999.999900, 
 , 0, 0.000000, 0.000000, 0.000000, 0.000000, 0.000000, 0.000000, 0.000000, 0, 0, 0.000000, 0.000000, 0.000000, 1564885006073897, 9999.999900, 
 , 0, 0.000000, 0.000000, 0.000000, 0.000000, 0.000000, 0.000000, 0.000000, 0, 0, 0.000000, 0.000000, 0.000000, 1564885006082500, 9999.999900, 
 , 0, 0.000000, 0.000000, 0.000000, 0.000000, 0.000000, 0.000000, 0.000000, 0, 0, 0.000000, 0.000000, 0.000000, 1564885006091000, 9999.999900, 
 , 0, 0.000000, 0.000000, 0.000000, 0.000000, 0.000000, 0.000000, 0.000000, 0, 0, 0.000000, 0.000000, 0.000000, 1564885006099302, 9999.999900, 
 , 0, 0.000000, 0.000000, 0.000000, 0.000000, 0.000000, 0.000000, 0.000000, 0, 0, 0.000000, 0.000000, 0.000000, 1564885006107269, 9999.999900, 
 , 0, 0.000000, 0.000000, 0.000000, 0.000000, 0.000000, 0.000000, 0.000000, 0, 0, 0.000000, 0.000000, 0.000000, 1564885006115879, 9999.999900, 
 , 0, 0.000000, 0.000000, 0.000000, 0.000000, 0.000000, 0.000000, 0.000000, 0, 0, 0.000000, 0.000000, 0.000000, 1564885006124176, 9999.999900, 
 , 0, 0.000000, 0.000000, 0.000000, 0.000000, 0.000000, 0.000000, 0.000000, 0, 0, 0.000000, 0.000000, 0.000000, 1564885006132505, 9999.999900, 
 , 0, 0.000000, 0.000000, 0.000000, 0.000000, 0.000000, 0.000000, 0.000000, 0, 0, 0.000000, 0.000000, 0.000000, 1564885006140896, 9999.999900, 
 , 0, 0.000000, 0.000000, 0.000000, 0.000000, 0.000000, 0.000000, 0.000000, 0, 0, 0.000000, 0.000000, 0.000000, 1564885006149066, 9999.999900, 
 , 0, 0.000000, 0.000000, 0.000000, 0.000000, 0.000000, 0.000000, 0.000000, 0, 0, 0.000000, 0.000000, 0.000000, 1564885006157450, 9999.999900, 
 , 0, 0.000000, 0.000000, 0.000000, 0.000000, 0.000000, 0.000000, 0.000000, 0, 0, 0.000000, 0.000000, 0.000000, 1564885006166078, 9999.999900, 
 , 0, 0.000000, 0.000000, 0.000000, 0.000000, 0.000000, 0.000000, 0.000000, 0, 0, 0.000000, 0.000000, 0.000000, 1564885006174221, 9999.999900, 
 , 0, 0.000000, 0.000000, 0.000000, 0.000000, 0.000000, 0.000000, 0.000000, 0, 0, 0.000000, 0.000000, 0.000000, 1564885006182297, 9999.999900, 
 , 0, 0.000000, 0.000000, 0.000000, 0.000000, 0.000000, 0.000000, 0.000000, 0, 0, 0.000000, 0.000000, 0.000000, 1564885006190996, 9999.999900, 
 , 0, 0.000000, 0.000000, 0.000000, 0.000000, 0.000000, 0.000000, 0.000000, 0, 0, 0.000000, 0.000000, 0.000000, 1564885006199172, 9999.999900, 
 , 0, 0.000000, 0.000000, 0.000000, 0.000000, 0.000000, 0.000000, 0.000000, 0, 0, 0.000000, 0.000000, 0.000000, 1564885006207595, 9999.999900, 
 , 0, 0.000000, 0.000000, 0.000000, 0.000000, 0.000000, 0.000000, 0.000000, 0, 0, 0.000000, 0.000000, 0.000000, 1564885006215928, 9999.999900, 
 , 0, 0.000000, 0.000000, 0.000000, 0.000000, 0.000000, 0.000000, 0.000000, 0, 0, 0.000000, 0.000000, 0.000000, 1564885006224349, 9999.999900, 
 , 0, 0.000000, 0.000000, 0.000000, 0.000000, 0.000000, 0.000000, 0.000000, 0, 0, 0.000000, 0.000000, 0.000000, 1564885006232504, 9999.999900, 
 , 0, 0.000000, 0.000000, 0.000000, 0.000000, 0.000000, 0.000000, 0.000000, 0, 0, 0.000000, 0.000000, 0.000000, 1564885006240909, 9999.999900, 
 , 0, 0.000000, 0.000000, 0.000000, 0.000000, 0.000000, 0.000000, 0.000000, 0, 0, 0.000000, 0.000000, 0.000000, 1564885006249360, 9999.999900, 
 , 0, 0.000000, 0.000000, 0.000000, 0.000000, 0.000000, 0.000000, 0.000000, 0, 0, 0.000000, 0.000000, 0.000000, 1564885006257302, 9999.999900, 
 , 0, 0.000000, 0.000000, 0.000000, 0.000000, 0.000000, 0.000000, 0.000000, 0, 0, 0.000000, 0.000000, 0.000000, 1564885006265885, 9999.999900, 
 , 0, 0.000000, 0.000000, 0.000000, 0.000000, 0.000000, 0.000000, 0.000000, 0, 0, 0.000000, 0.000000, 0.000000, 1564885006274054, 9999.999900, 
 , 0, 0.000000, 0.000000, 0.000000, 0.000000, 0.000000, 0.000000, 0.000000, 0, 0, 0.000000, 0.000000, 0.000000, 1564885006282394, 9999.999900, 
 , 0, 0.000000, 0.000000, 0.000000, 0.000000, 0.000000, 0.000000, 0.000000, 0, 0, 0.000000, 0.000000, 0.000000, 1564885006290988, 9999.999900, 
 , 0, 0.000000, 0.000000, 0.000000, 0.000000, 0.000000, 0.000000, 0.000000, 0, 0, 0.000000, 0.000000, 0.000000, 1564885006299179, 9999.999900, 
 , 0, 0.000000, 0.000000, 0.000000, 0.000000, 0.000000, 0.000000, 0.000000, 0, 0, 0.000000, 0.000000, 0.000000, 1564885006307532, 9999.999900, 
 , 0, 0.000000, 0.000000, 0.000000, 0.000000, 0.000000, 0.000000, 0.000000, 0, 0, 0.000000, 0.000000, 0.000000, 1564885006315920, 9999.999900, 
 , 0, 0.000000, 0.000000, 0.000000, 0.000000, 0.000000, 0.000000, 0.000000, 0, 0, 0.000000, 0.000000, 0.000000, 1564885006324186, 9999.999900, 
 , 0, 0.000000, 0.000000, 0.000000, 0.000000, 0.000000, 0.000000, 0.000000, 0, 0, 0.000000, 0.000000, 0.000000, 1564885006332618, 9999.999900, 
 , 0, 0.000000, 0.000000, 0.000000, 0.000000, 0.000000, 0.000000, 0.000000, 0, 0, 0.000000, 0.000000, 0.000000, 1564885006340811, 9999.999900, 
 , 0, 0.000000, 0.000000, 0.000000, 0.000000, 0.000000, 0.000000, 0.000000, 0, 0, 0.000000, 0.000000, 0.000000, 1564885006349203, 9999.999900, 
 , 0, 0.000000, 0.000000, 0.000000, 0.000000, 0.000000, 0.000000, 0.000000, 0, 0, 0.000000, 0.000000, 0.000000, 1564885006357687, 9999.999900, 
 , 0, 0.000000, 0.000000, 0.000000, 0.000000, 0.000000, 0.000000, 0.000000, 0, 0, 0.000000, 0.000000, 0.000000, 1564885006366033, 9999.999900, 
 , 0, 0.000000, 0.000000, 0.000000, 0.000000, 0.000000, 0.000000, 0.000000, 0, 0, 0.000000, 0.000000, 0.000000, 1564885006374185, 9999.999900, 
 , 0, 0.000000, 0.000000, 0.000000, 0.000000, 0.000000, 0.000000, 0.000000, 0, 0, 0.000000, 0.000000, 0.000000, 1564885006382579, 9999.999900, 
 , 0, 0.000000, 0.000000, 0.000000, 0.000000, 0.000000, 0.000000, 0.000000, 0, 0, 0.000000, 0.000000, 0.000000, 1564885006391045, 9999.999900, 
 , 0, 0.000000, 0.000000, 0.000000, 0.000000, 0.000000, 0.000000, 0.000000, 0, 0, 0.000000, 0.000000, 0.000000, 1564885006399271, 9999.999900, 
 , 0, 0.000000, 0.000000, 0.000000, 0.000000, 0.000000, 0.000000, 0.000000, 0, 0, 0.000000, 0.000000, 0.000000, 1564885006407242, 9999.999900, 
 , 0, 0.000000, 0.000000, 0.000000, 0.000000, 0.000000, 0.000000, 0.000000, 0, 0, 0.000000, 0.000000, 0.000000, 1564885006416083, 9999.999900, 
 , 0, 0.000000, 0.000000, 0.000000, 0.000000, 0.000000, 0.000000, 0.000000, 0, 0, 0.000000, 0.000000, 0.000000, 1564885006424142, 9999.999900, 
 , 0, 0.000000, 0.000000, 0.000000, 0.000000, 0.000000, 0.000000, 0.000000, 0, 0, 0.000000, 0.000000, 0.000000, 1564885006432498, 9999.999900, 
 , 0, 0.000000, 0.000000, 0.000000, 0.000000, 0.000000, 0.000000, 0.000000, 0, 0, 0.000000, 0.000000, 0.000000, 1564885006441833, 9999.999900, 
 , 0, 0.000000, 0.000000, 0.000000, 0.000000, 0.000000, 0.000000, 0.000000, 0, 0, 0.000000, 0.000000, 0.000000, 1564885006449081, 9999.999900, 
 , 0, 0.000000, 0.000000, 0.000000, 0.000000, 0.000000, 0.000000, 0.000000, 0, 0, 0.000000, 0.000000, 0.000000, 1564885006457315, 9999.999900, 
 , 0, 0.000000, 0.000000, 0.000000, 0.000000, 0.000000, 0.000000, 0.000000, 0, 0, 0.000000, 0.000000, 0.000000, 1564885006465854, 9999.999900, 
 , 0, 0.000000, 0.000000, 0.000000, 0.000000, 0.000000, 0.000000, 0.000000, 0, 0, 0.000000, 0.000000, 0.000000, 1564885006474399, 9999.999900, 
 , 0, 0.000000, 0.000000, 0.000000, 0.000000, 0.000000, 0.000000, 0.000000, 0, 0, 0.000000, 0.000000, 0.000000, 1564885006482459, 9999.999900, 
 , 0, 0.000000, 0.000000, 0.000000, 0.000000, 0.000000, 0.000000, 0.000000, 0, 0, 0.000000, 0.000000, 0.000000, 1564885006490809, 9999.999900, 
 , 0, 0.000000, 0.000000, 0.000000, 0.000000, 0.000000, 0.000000, 0.000000, 0, 0, 0.000000, 0.000000, 0.000000, 1564885006499169, 9999.999900, 
 , 0, 0.000000, 0.000000, 0.000000, 0.000000, 0.000000, 0.000000, 0.000000, 0, 0, 0.000000, 0.000000, 0.000000, 1564885006507317, 9999.999900, 
 , 0, 0.000000, 0.000000, 0.000000, 0.000000, 0.000000, 0.000000, 0.000000, 0, 0, 0.000000, 0.000000, 0.000000, 1564885006515924, 9999.999900, 
 , 0, 0.000000, 0.000000, 0.000000, 0.000000, 0.000000, 0.000000, 0.000000, 0, 0, 0.000000, 0.000000, 0.000000, 1564885006524271, 9999.999900, 
 , 0, 0.000000, 0.000000, 0.000000, 0.000000, 0.000000, 0.000000, 0.000000, 0, 0, 0.000000, 0.000000, 0.000000, 1564885006532590, 9999.999900, 
 , 0, 0.000000, 0.000000, 0.000000, 0.000000, 0.000000, 0.000000, 0.000000, 0, 0, 0.000000, 0.000000, 0.000000, 1564885006541682, 9999.999900, 
 , 0, 0.000000, 0.000000, 0.000000, 0.000000, 0.000000, 0.000000, 0.000000, 0, 0, 0.000000, 0.000000, 0.000000, 1564885006549045, 9999.999900, 
 , 0, 0.000000, 0.000000, 0.000000, 0.000000, 0.000000, 0.000000, 0.000000, 0, 0, 0.000000, 0.000000, 0.000000, 1564885006557838, 9999.999900, 
 , 0, 0.000000, 0.000000, 0.000000, 0.000000, 0.000000, 0.000000, 0.000000, 0, 0, 0.000000, 0.000000, 0.000000, 1564885006565839, 9999.999900, 
 , 0, 0.000000, 0.000000, 0.000000, 0.000000, 0.000000, 0.000000, 0.000000, 0, 0, 0.000000, 0.000000, 0.000000, 1564885006573809, 9999.999900, 
 , 0, 0.000000, 0.000000, 0.000000, 0.000000, 0.000000, 0.000000, 0.000000, 0, 0, 0.000000, 0.000000, 0.000000, 1564885006582577, 9999.999900, 
 , 0, 0.000000, 0.000000, 0.000000, 0.000000, 0.000000, 0.000000, 0.000000, 0, 0, 0.000000, 0.000000, 0.000000, 1564885006591049, 9999.999900, 
 , 0, 0.000000, 0.000000, 0.000000, 0.000000, 0.000000, 0.000000, 0.000000, 0, 0, 0.000000, 0.000000, 0.000000, 1564885006599187, 9999.999900, 
 , 0, 0.000000, 0.000000, 0.000000, 0.000000, 0.000000, 0.000000, 0.000000, 0, 0, 0.000000, 0.000000, 0.000000, 1564885006607591, 9999.999900, 
 , 0, 0.000000, 0.000000, 0.000000, 0.000000, 0.000000, 0.000000, 0.000000, 0, 0, 0.000000, 0.000000, 0.000000, 1564885006615914, 9999.999900, 
 , 0, 0.000000, 0.000000, 0.000000, 0.000000, 0.000000, 0.000000, 0.000000, 0, 0, 0.000000, 0.000000, 0.000000, 1564885006624344, 9999.999900, 
 , 0, 0.000000, 0.000000, 0.000000, 0.000000, 0.000000, 0.000000, 0.000000, 0, 0, 0.000000, 0.000000, 0.000000, 1564885006632721, 9999.999900, 
 , 0, 0.000000, 0.000000, 0.000000, 0.000000, 0.000000, 0.000000, 0.000000, 0, 0, 0.000000, 0.000000, 0.000000, 1564885006640881, 9999.999900, 
 , 0, 0.000000, 0.000000, 0.000000, 0.000000, 0.000000, 0.000000, 0.000000, 0, 0, 0.000000, 0.000000, 0.000000, 1564885006649408, 9999.999900, 
 , 0, 0.000000, 0.000000, 0.000000, 0.000000, 0.000000, 0.000000, 0.000000, 0, 0, 0.000000, 0.000000, 0.000000, 1564885006657555, 9999.999900, 
 , 0, 0.000000, 0.000000, 0.000000, 0.000000, 0.000000, 0.000000, 0.000000, 0, 0, 0.000000, 0.000000, 0.000000, 1564885006665991, 9999.999900, 
 , 0, 0.000000, 0.000000, 0.000000, 0.000000, 0.000000, 0.000000, 0.000000, 0, 0, 0.000000, 0.000000, 0.000000, 1564885006673948, 9999.999900, 
 , 0, 0.000000, 0.000000, 0.000000, 0.000000, 0.000000, 0.000000, 0.000000, 0, 0, 0.000000, 0.000000, 0.000000, 1564885006682535, 9999.999900, 
 , 0, 0.000000, 0.000000, 0.000000, 0.000000, 0.000000, 0.000000, 0.000000, 0, 0, 0.000000, 0.000000, 0.000000, 1564885006691196, 9999.999900, 
 , 0, 0.000000, 0.000000, 0.000000, 0.000000, 0.000000, 0.000000, 0.000000, 0, 0, 0.000000, 0.000000, 0.000000, 1564885006699224, 9999.999900, 
 , 0, 0.000000, 0.000000, 0.000000, 0.000000, 0.000000, 0.000000, 0.000000, 0, 0, 0.000000, 0.000000, 0.000000, 1564885006707474, 9999.999900, 
 , 0, 0.000000, 0.000000, 0.000000, 0.000000, 0.000000, 0.000000, 0.000000, 0, 0, 0.000000, 0.000000, 0.000000, 1564885006716090, 9999.999900, 
 , 0, 0.000000, 0.000000, 0.000000, 0.000000, 0.000000, 0.000000, 0.000000, 0, 0, 0.000000, 0.000000, 0.000000, 1564885006724163, 9999.999900, 
 , 0, 0.000000, 0.000000, 0.000000, 0.000000, 0.000000, 0.000000, 0.000000, 0, 0, 0.000000, 0.000000, 0.000000, 1564885006732450, 9999.999900, 
 , 0, 0.000000, 0.000000, 0.000000, 0.000000, 0.000000, 0.000000, 0.000000, 0, 0, 0.000000, 0.000000, 0.000000, 1564885006741136, 9999.999900, 
 , 0, 0.000000, 0.000000, 0.000000, 0.000000, 0.000000, 0.000000, 0.000000, 0, 0, 0.000000, 0.000000, 0.000000, 1564885006749293, 9999.999900, 
 , 0, 0.000000, 0.000000, 0.000000, 0.000000, 0.000000, 0.000000, 0.000000, 0, 0, 0.000000, 0.000000, 0.000000, 1564885006757644, 9999.999900, 
 , 0, 0.000000, 0.000000, 0.000000, 0.000000, 0.000000, 0.000000, 0.000000, 0, 0, 0.000000, 0.000000, 0.000000, 1564885006765704, 9999.999900, 
 , 0, 0.000000, 0.000000, 0.000000, 0.000000, 0.000000, 0.000000, 0.000000, 0, 0, 0.000000, 0.000000, 0.000000, 1564885006774144, 9999.999900, 
 , 0, 0.000000, 0.000000, 0.000000, 0.000000, 0.000000, 0.000000, 0.000000, 0, 0, 0.000000, 0.000000, 0.000000, 1564885006782380, 9999.999900, 
 , 0, 0.000000, 0.000000, 0.000000, 0.000000, 0.000000, 0.000000, 0.000000, 0, 0, 0.000000, 0.000000, 0.000000, 1564885006791165, 9999.999900, 
 , 0, 0.000000, 0.000000, 0.000000, 0.000000, 0.000000, 0.000000, 0.000000, 0, 0, 0.000000, 0.000000, 0.000000, 1564885006799019, 9999.999900, 
 , 0, 0.000000, 0.000000, 0.000000, 0.000000, 0.000000, 0.000000, 0.000000, 0, 0, 0.000000, 0.000000, 0.000000, 1564885006807604, 9999.999900, 
 , 0, 0.000000, 0.000000, 0.000000, 0.000000, 0.000000, 0.000000, 0.000000, 0, 0, 0.000000, 0.000000, 0.000000, 1564885006815646, 9999.999900, 
 , 0, 0.000000, 0.000000, 0.000000, 0.000000, 0.000000, 0.000000, 0.000000, 0, 0, 0.000000, 0.000000, 0.000000, 1564885006824211, 9999.999900, 
 , 0, 0.000000, 0.000000, 0.000000, 0.000000, 0.000000, 0.000000, 0.000000, 0, 0, 0.000000, 0.000000, 0.000000, 1564885006833553, 9999.999900, 
 , 0, 0.000000, 0.000000, 0.000000, 0.000000, 0.000000, 0.000000, 0.000000, 0, 0, 0.000000, 0.000000, 0.000000, 1564885006841040, 9999.999900, 
 , 0, 0.000000, 0.000000, 0.000000, 0.000000, 0.000000, 0.000000, 0.000000, 0, 0, 0.000000, 0.000000, 0.000000, 1564885006849391, 9999.999900, 
 , 0, 0.000000, 0.000000, 0.000000, 0.000000, 0.000000, 0.000000, 0.000000, 0, 0, 0.000000, 0.000000, 0.000000, 1564885006857483, 9999.999900, 
 , 0, 0.000000, 0.000000, 0.000000, 0.000000, 0.000000, 0.000000, 0.000000, 0, 0, 0.000000, 0.000000, 0.000000, 1564885006865791, 9999.999900, 
 , 0, 0.000000, 0.000000, 0.000000, 0.000000, 0.000000, 0.000000, 0.000000, 0, 0, 0.000000, 0.000000, 0.000000, 1564885006874465, 9999.999900, 
 , 0, 0.000000, 0.000000, 0.000000, 0.000000, 0.000000, 0.000000, 0.000000, 0, 0, 0.000000, 0.000000, 0.000000, 1564885006882574, 9999.999900, 
 , 0, 0.000000, 0.000000, 0.000000, 0.000000, 0.000000, 0.000000, 0.000000, 0, 0, 0.000000, 0.000000, 0.000000, 1564885006891709, 9999.999900, 
 , 0, 0.000000, 0.000000, 0.000000, 0.000000, 0.000000, 0.000000, 0.000000, 0, 0, 0.000000, 0.000000, 0.000000, 1564885006899082, 9999.999900, 
 , 0, 0.000000, 0.000000, 0.000000, 0.000000, 0.000000, 0.000000, 0.000000, 0, 0, 0.000000, 0.000000, 0.000000, 1564885006907610, 9999.999900, 
 , 0, 0.000000, 0.000000, 0.000000, 0.000000, 0.000000, 0.000000, 0.000000, 0, 0, 0.000000, 0.000000, 0.000000, 1564885006915902, 9999.999900, 
 , 0, 0.000000, 0.000000, 0.000000, 0.000000, 0.000000, 0.000000, 0.000000, 0, 0, 0.000000, 0.000000, 0.000000, 1564885006924212, 9999.999900, 
 , 0, 0.000000, 0.000000, 0.000000, 0.000000, 0.000000, 0.000000, 0.000000, 0, 0, 0.000000, 0.000000, 0.000000, 1564885006932399, 9999.999900, 
 , 0, 0.000000, 0.000000, 0.000000, 0.000000, 0.000000, 0.000000, 0.000000, 0, 0, 0.000000, 0.000000, 0.000000, 1564885006941170, 9999.999900, 
 , 0, 0.000000, 0.000000, 0.000000, 0.000000, 0.000000, 0.000000, 0.000000, 0, 0, 0.000000, 0.000000, 0.000000, 1564885006949083, 9999.999900, 
 , 0, 0.000000, 0.000000, 0.000000, 0.000000, 0.000000, 0.000000, 0.000000, 0, 0, 0.000000, 0.000000, 0.000000, 1564885006957528, 9999.999900, 
 , 0, 0.000000, 0.000000, 0.000000, 0.000000, 0.000000, 0.000000, 0.000000, 0, 0, 0.000000, 0.000000, 0.000000, 1564885006965654, 9999.999900, 
 , 0, 0.000000, 0.000000, 0.000000, 0.000000, 0.000000, 0.000000, 0.000000, 0, 0, 0.000000, 0.000000, 0.000000, 1564885006974530, 9999.999900, 
 , 0, 0.000000, 0.000000, 0.000000, 0.000000, 0.000000, 0.000000, 0.000000, 0, 0, 0.000000, 0.000000, 0.000000, 1564885006982571, 9999.999900, 
 , 0, 0.000000, 0.000000, 0.000000, 0.000000, 0.000000, 0.000000, 0.000000, 0, 0, 0.000000, 0.000000, 0.000000, 1564885006991086, 9999.999900, 
 , 0, 0.000000, 0.000000, 0.000000, 0.000000, 0.000000, 0.000000, 0.000000, 0, 0, 0.000000, 0.000000, 0.000000, 1564885006999273, 9999.999900, 
 , 0, 0.000000, 0.000000, 0.000000, 0.000000, 0.000000, 0.000000, 0.000000, 0, 0, 0.000000, 0.000000, 0.000000, 1564885007007407, 9999.999900, 
 , 0, 0.000000, 0.000000, 0.000000, 0.000000, 0.000000, 0.000000, 0.000000, 0, 0, 0.000000, 0.000000, 0.000000, 1564885007015951, 9999.999900, 
 , 0, 0.000000, 0.000000, 0.000000, 0.000000, 0.000000, 0.000000, 0.000000, 0, 0, 0.000000, 0.000000, 0.000000, 1564885007024011, 9999.999900, 
 , 0, 0.000000, 0.000000, 0.000000, 0.000000, 0.000000, 0.000000, 0.000000, 0, 0, 0.000000, 0.000000, 0.000000, 1564885007032629, 9999.999900, 
 , 0, 0.000000, 0.000000, 0.000000, 0.000000, 0.000000, 0.000000, 0.000000, 0, 0, 0.000000, 0.000000, 0.000000, 1564885007041127, 9999.999900, 
 , 0, 0.000000, 0.000000, 0.000000, 0.000000, 0.000000, 0.000000, 0.000000, 0, 0, 0.000000, 0.000000, 0.000000, 1564885007048997, 9999.999900, 
 , 0, 0.000000, 0.000000, 0.000000, 0.000000, 0.000000, 0.000000, 0.000000, 0, 0, 0.000000, 0.000000, 0.000000, 1564885007057260, 9999.999900, 
 , 0, 0.000000, 0.000000, 0.000000, 0.000000, 0.000000, 0.000000, 0.000000, 0, 0, 0.000000, 0.000000, 0.000000, 1564885007065823, 9999.999900, 
 , 0, 0.000000, 0.000000, 0.000000, 0.000000, 0.000000, 0.000000, 0.000000, 0, 0, 0.000000, 0.000000, 0.000000, 1564885007074052, 9999.999900, 
 , 0, 0.000000, 0.000000, 0.000000, 0.000000, 0.000000, 0.000000, 0.000000, 0, 0, 0.000000, 0.000000, 0.000000, 1564885007082595, 9999.999900, 
 , 0, 0.000000, 0.000000, 0.000000, 0.000000, 0.000000, 0.000000, 0.000000, 0, 0, 0.000000, 0.000000, 0.000000, 1564885007090979, 9999.999900, 
 , 0, 0.000000, 0.000000, 0.000000, 0.000000, 0.000000, 0.000000, 0.000000, 0, 0, 0.000000, 0.000000, 0.000000, 1564885007099248, 9999.999900, 
 , 0, 0.000000, 0.000000, 0.000000, 0.000000, 0.000000, 0.000000, 0.000000, 0, 0, 0.000000, 0.000000, 0.000000, 1564885007107579, 9999.999900, 
 , 0, 0.000000, 0.000000, 0.000000, 0.000000, 0.000000, 0.000000, 0.000000, 0, 0, 0.000000, 0.000000, 0.000000, 1564885007116099, 9999.999900, 
 , 0, 0.000000, 0.000000, 0.000000, 0.000000, 0.000000, 0.000000, 0.000000, 0, 0, 0.000000, 0.000000, 0.000000, 1564885007124324, 9999.999900, 
 , 0, 0.000000, 0.000000, 0.000000, 0.000000, 0.000000, 0.000000, 0.000000, 0, 0, 0.000000, 0.000000, 0.000000, 1564885007132629, 9999.999900, 
 , 0, 0.000000, 0.000000, 0.000000, 0.000000, 0.000000, 0.000000, 0.000000, 0, 0, 0.000000, 0.000000, 0.000000, 1564885007141099, 9999.999900, 
 , 0, 0.000000, 0.000000, 0.000000, 0.000000, 0.000000, 0.000000, 0.000000, 0, 0, 0.000000, 0.000000, 0.000000, 1564885007149049, 9999.999900, 
 , 0, 0.000000, 0.000000, 0.000000, 0.000000, 0.000000, 0.000000, 0.000000, 0, 0, 0.000000, 0.000000, 0.000000, 1564885007157532, 9999.999900, 
 , 0, 0.000000, 0.000000, 0.000000, 0.000000, 0.000000, 0.000000, 0.000000, 0, 0, 0.000000, 0.000000, 0.000000, 1564885007165847, 9999.999900, 
 , 0, 0.000000, 0.000000, 0.000000, 0.000000, 0.000000, 0.000000, 0.000000, 0, 0, 0.000000, 0.000000, 0.000000, 1564885007174287, 9999.999900, 
 , 0, 0.000000, 0.000000, 0.000000, 0.000000, 0.000000, 0.000000, 0.000000, 0, 0, 0.000000, 0.000000, 0.000000, 1564885007182343, 9999.999900, 
 , 0, 0.000000, 0.000000, 0.000000, 0.000000, 0.000000, 0.000000, 0.000000, 0, 0, 0.000000, 0.000000, 0.000000, 1564885007191034, 9999.999900, 
 , 0, 0.000000, 0.000000, 0.000000, 0.000000, 0.000000, 0.000000, 0.000000, 0, 0, 0.000000, 0.000000, 0.000000, 1564885007199161, 9999.999900, 
 , 0, 0.000000, 0.000000, 0.000000, 0.000000, 0.000000, 0.000000, 0.000000, 0, 0, 0.000000, 0.000000, 0.000000, 1564885007207607, 9999.999900, 
 , 0, 0.000000, 0.000000, 0.000000, 0.000000, 0.000000, 0.000000, 0.000000, 0, 0, 0.000000, 0.000000, 0.000000, 1564885007215903, 9999.999900, 
 , 0, 0.000000, 0.000000, 0.000000, 0.000000, 0.000000, 0.000000, 0.000000, 0, 0, 0.000000, 0.000000, 0.000000, 1564885007224213, 9999.999900, 
 , 0, 0.000000, 0.000000, 0.000000, 0.000000, 0.000000, 0.000000, 0.000000, 0, 0, 0.000000, 0.000000, 0.000000, 1564885007232685, 9999.999900, 
 , 0, 0.000000, 0.000000, 0.000000, 0.000000, 0.000000, 0.000000, 0.000000, 0, 0, 0.000000, 0.000000, 0.000000, 1564885007241250, 9999.999900, 
 , 0, 0.000000, 0.000000, 0.000000, 0.000000, 0.000000, 0.000000, 0.000000, 0, 0, 0.000000, 0.000000, 0.000000, 1564885007249180, 9999.999900, 
 , 0, 0.000000, 0.000000, 0.000000, 0.000000, 0.000000, 0.000000, 0.000000, 0, 0, 0.000000, 0.000000, 0.000000, 1564885007257568, 9999.999900, 
 , 0, 0.000000, 0.000000, 0.000000, 0.000000, 0.000000, 0.000000, 0.000000, 0, 0, 0.000000, 0.000000, 0.000000, 1564885007265917, 9999.999900, 
 , 0, 0.000000, 0.000000, 0.000000, 0.000000, 0.000000, 0.000000, 0.000000, 0, 0, 0.000000, 0.000000, 0.000000, 1564885007274856, 9999.999900, 
 , 0, 0.000000, 0.000000, 0.000000, 0.000000, 0.000000, 0.000000, 0.000000, 0, 0, 0.000000, 0.000000, 0.000000, 1564885007282623, 9999.999900, 
 , 0, 0.000000, 0.000000, 0.000000, 0.000000, 0.000000, 0.000000, 0.000000, 0, 0, 0.000000, 0.000000, 0.000000, 1564885007290850, 9999.999900, 
 , 0, 0.000000, 0.000000, 0.000000, 0.000000, 0.000000, 0.000000, 0.000000, 0, 0, 0.000000, 0.000000, 0.000000, 1564885007299320, 9999.999900, 
 , 0, 0.000000, 0.000000, 0.000000, 0.000000, 0.000000, 0.000000, 0.000000, 0, 0, 0.000000, 0.000000, 0.000000, 1564885007307422, 9999.999900, 
 , 0, 0.000000, 0.000000, 0.000000, 0.000000, 0.000000, 0.000000, 0.000000, 0, 0, 0.000000, 0.000000, 0.000000, 1564885007315667, 9999.999900, 
 , 0, 0.000000, 0.000000, 0.000000, 0.000000, 0.000000, 0.000000, 0.000000, 0, 0, 0.000000, 0.000000, 0.000000, 1564885007324197, 9999.999900, 
 , 0, 0.000000, 0.000000, 0.000000, 0.000000, 0.000000, 0.000000, 0.000000, 0, 0, 0.000000, 0.000000, 0.000000, 1564885007332268, 9999.999900, 
 , 0, 0.000000, 0.000000, 0.000000, 0.000000, 0.000000, 0.000000, 0.000000, 0, 0, 0.000000, 0.000000, 0.000000, 1564885007341184, 9999.999900, 
 , 0, 0.000000, 0.000000, 0.000000, 0.000000, 0.000000, 0.000000, 0.000000, 0, 0, 0.000000, 0.000000, 0.000000, 1564885007349075, 9999.999900, 
 , 0, 0.000000, 0.000000, 0.000000, 0.000000, 0.000000, 0.000000, 0.000000, 0, 0, 0.000000, 0.000000, 0.000000, 1564885007357571, 9999.999900, 
 , 0, 0.000000, 0.000000, 0.000000, 0.000000, 0.000000, 0.000000, 0.000000, 0, 0, 0.000000, 0.000000, 0.000000, 1564885007365880, 9999.999900, 
 , 0, 0.000000, 0.000000, 0.000000, 0.000000, 0.000000, 0.000000, 0.000000, 0, 0, 0.000000, 0.000000, 0.000000, 1564885007373991, 9999.999900, 
 , 0, 0.000000, 0.000000, 0.000000, 0.000000, 0.000000, 0.000000, 0.000000, 0, 0, 0.000000, 0.000000, 0.000000, 1564885007382572, 9999.999900, 
